set,clip,setup,memory,input,offset,horizon_s,fde_px,fde_iqr_px,lock_on_s,path_median_px,path_last_px,period_ratio,auc,latency_s,fp_per_min,n_steps,unseen_fraction
development,small_01,pendulum,snn_phasemap,centroid,as_is,0.025,26.97914998442268,9.445213226806302,inf,26.93743426743417,25.358311628222122,0.9824947545289231,nan,nan,0.0,5006,0.0
development,small_01,pendulum,snn_phasemap,centroid,removed,0.025,9.360792204710487,7.130770445746942,24.875,10.925258061735171,8.852935805757733,0.9824947545289231,nan,nan,0.0,5006,0.0
development,small_01,pendulum,snn_phasemap,centroid,as_is,0.05,26.88182123204202,9.282984899473934,inf,26.93743426743417,25.358311628222122,0.9824947545289231,nan,nan,0.0,5006,0.0
development,small_01,pendulum,snn_phasemap,centroid,removed,0.05,10.123592379849548,8.277154884198666,24.875,10.925258061735171,8.852935805757733,0.9824947545289231,nan,nan,0.0,5006,0.0
development,small_01,pendulum,snn_phasemap,centroid,as_is,0.1,27.190930655328202,9.973263302612516,inf,26.93743426743417,25.358311628222122,0.9824947545289231,nan,nan,0.0,5006,0.0
development,small_01,pendulum,snn_phasemap,centroid,removed,0.1,11.7973715921014,10.483642924893164,24.810000000000002,10.925258061735171,8.852935805757733,0.9824947545289231,nan,nan,0.0,5006,0.0
development,small_01,pendulum,snn_phasemap,centroid,as_is,0.2,29.390703780314517,13.290913452901911,inf,26.93743426743417,25.358311628222122,0.9824947545289231,nan,nan,0.0,5006,0.0
development,small_01,pendulum,snn_phasemap,centroid,removed,0.2,14.475994729467029,11.799939507333155,24.79,10.925258061735171,8.852935805757733,0.9824947545289231,nan,nan,0.0,5006,0.0
development,small_01,pendulum,phasemap,centroid,as_is,0.025,26.944992905915328,7.726723615061193,inf,27.613011513121386,24.128907828283747,0.9986744353133321,nan,nan,0.0,5006,0.0
development,small_01,pendulum,phasemap,centroid,removed,0.025,7.4951372639844065,5.683068669555799,24.69,9.324595138563367,6.738895727605845,0.9986744353133321,nan,nan,0.0,5006,0.0
development,small_01,pendulum,phasemap,centroid,as_is,0.05,27.464128469301876,7.680655282964583,inf,27.613011513121386,24.128907828283747,0.9986744353133321,nan,nan,0.0,5006,0.0
development,small_01,pendulum,phasemap,centroid,removed,0.05,8.532577151383997,7.126759600420389,24.755,9.324595138563367,6.738895727605845,0.9986744353133321,nan,nan,0.0,5006,0.0
development,small_01,pendulum,phasemap,centroid,as_is,0.1,28.24932457485952,9.074319768497642,inf,27.613011513121386,24.128907828283747,0.9986744353133321,nan,nan,0.0,5006,0.0
development,small_01,pendulum,phasemap,centroid,removed,0.1,10.364441221790239,8.548620380289993,24.755,9.324595138563367,6.738895727605845,0.9986744353133321,nan,nan,0.0,5006,0.0
development,small_01,pendulum,phasemap,centroid,as_is,0.2,29.51674509300348,10.960024616317533,inf,27.613011513121386,24.128907828283747,0.9986744353133321,nan,nan,0.0,5006,0.0
development,small_01,pendulum,phasemap,centroid,removed,0.2,13.002350406376241,12.698363034045137,24.695,9.324595138563367,6.738895727605845,0.9986744353133321,nan,nan,0.0,5006,0.0
development,small_01,pendulum,kalman,centroid,as_is,0.025,27.1304048325615,9.503825222290672,inf,26.20086502279011,24.56786595714759,1.0098620915032512,nan,nan,67.11945665201901,5006,0.0
development,small_01,pendulum,kalman,centroid,removed,0.025,7.872764454706623,6.2364042503717005,24.575,11.81002349285048,7.248482000845385,1.0098620915032512,nan,nan,67.11945665201901,5006,0.0
development,small_01,pendulum,kalman,centroid,as_is,0.05,27.377662116977728,10.803754288898531,inf,26.20086502279011,24.56786595714759,1.0098620915032512,nan,nan,67.11945665201901,5006,0.0
development,small_01,pendulum,kalman,centroid,removed,0.05,8.969395948473174,7.193533941193589,24.57,11.81002349285048,7.248482000845385,1.0098620915032512,nan,nan,67.11945665201901,5006,0.0
development,small_01,pendulum,kalman,centroid,as_is,0.1,27.103870455857717,13.845279065894946,inf,26.20086502279011,24.56786595714759,1.0098620915032512,nan,nan,67.11945665201901,5006,0.0
development,small_01,pendulum,kalman,centroid,removed,0.1,11.80757043261789,8.75949035700928,24.740000000000002,11.81002349285048,7.248482000845385,1.0098620915032512,nan,nan,67.11945665201901,5006,0.0
development,small_01,pendulum,kalman,centroid,as_is,0.2,25.328478565506256,12.471106117489175,inf,26.20086502279011,24.56786595714759,1.0098620915032512,nan,nan,67.11945665201901,5006,0.0
development,small_01,pendulum,kalman,centroid,removed,0.2,13.909670588605472,8.958728508171113,24.635,11.81002349285048,7.248482000845385,1.0098620915032512,nan,nan,67.11945665201901,5006,0.0
development,small_01,pendulum,harmonic,centroid,as_is,0.025,28.737553314483684,11.754143953269157,inf,26.354245675410276,22.20253555275265,1.0098620915032512,nan,nan,0.0,5006,0.0
development,small_01,pendulum,harmonic,centroid,removed,0.025,14.176185426465292,9.264218151392173,24.69,10.113713482155848,7.80491812310979,1.0098620915032512,nan,nan,0.0,5006,0.0
development,small_01,pendulum,harmonic,centroid,as_is,0.05,29.101533485545417,11.851871455759419,inf,26.354245675410276,22.20253555275265,1.0098620915032512,nan,nan,0.0,5006,0.0
development,small_01,pendulum,harmonic,centroid,removed,0.05,14.897085731414151,9.734708034375043,24.665,10.113713482155848,7.80491812310979,1.0098620915032512,nan,nan,0.0,5006,0.0
development,small_01,pendulum,harmonic,centroid,as_is,0.1,29.652433446716078,12.509221902648886,inf,26.354245675410276,22.20253555275265,1.0098620915032512,nan,nan,0.0,5006,0.0
development,small_01,pendulum,harmonic,centroid,removed,0.1,15.740648838740174,10.647463425361448,24.62,10.113713482155848,7.80491812310979,1.0098620915032512,nan,nan,0.0,5006,0.0
development,small_01,pendulum,harmonic,centroid,as_is,0.2,30.072758491663503,12.876436188216111,inf,26.354245675410276,22.20253555275265,1.0098620915032512,nan,nan,0.0,5006,0.0
development,small_01,pendulum,harmonic,centroid,removed,0.2,16.175676864929834,11.190470621493894,24.525000000000002,10.113713482155848,7.80491812310979,1.0098620915032512,nan,nan,0.0,5006,0.0
development,small_01,pendulum,constant_velocity,centroid,as_is,0.025,26.685658562046605,10.674100786034963,inf,nan,nan,nan,nan,nan,0.0,5006,0.0
development,small_01,pendulum,constant_velocity,centroid,removed,0.025,7.833096902597229,6.919245341931577,24.805,nan,nan,nan,nan,nan,0.0,5006,0.0
development,small_01,pendulum,constant_velocity,centroid,as_is,0.05,27.69451421161228,12.28419804774478,inf,nan,nan,nan,nan,nan,0.0,5006,0.0
development,small_01,pendulum,constant_velocity,centroid,removed,0.05,11.823311409601601,9.031355169923943,24.815,nan,nan,nan,nan,nan,0.0,5006,0.0
development,small_01,pendulum,constant_velocity,centroid,as_is,0.1,34.873243184787896,14.504514551858453,inf,nan,nan,nan,nan,nan,0.0,5006,0.0
development,small_01,pendulum,constant_velocity,centroid,removed,0.1,25.67189222844285,16.642160681584613,inf,nan,nan,nan,nan,nan,0.0,5006,0.0
development,small_01,pendulum,constant_velocity,centroid,as_is,0.2,77.03874123711775,44.072338954085915,inf,nan,nan,nan,nan,nan,0.0,5006,0.0
development,small_01,pendulum,constant_velocity,centroid,removed,0.2,71.0782318583017,46.60264773653806,24.815,nan,nan,nan,nan,nan,0.0,5006,0.0
development,small_01,pendulum,snn_two_layer,centroid,as_is,0.025,23.423559938843216,11.317005901916762,inf,64.93330012211493,64.23409708235431,1.964069145336739,nan,nan,0.0,5006,0.0
development,small_01,pendulum,snn_two_layer,centroid,removed,0.025,8.322669805781299,6.940655089181687,24.67,56.16713942102405,56.3806233880489,1.964069145336739,nan,nan,0.0,5006,0.0
development,small_01,pendulum,snn_two_layer,centroid,as_is,0.05,23.099866508080645,13.74445990009683,inf,64.93330012211493,64.23409708235431,1.964069145336739,nan,nan,0.0,5006,0.0
development,small_01,pendulum,snn_two_layer,centroid,removed,0.05,10.666161415831716,9.500365551221709,24.835,56.16713942102405,56.3806233880489,1.964069145336739,nan,nan,0.0,5006,0.0
development,small_01,pendulum,snn_two_layer,centroid,as_is,0.1,24.639883630260485,20.76033828472848,inf,64.93330012211493,64.23409708235431,1.964069145336739,nan,nan,0.0,5006,0.0
development,small_01,pendulum,snn_two_layer,centroid,removed,0.1,17.28581111151272,14.270484763589145,inf,56.16713942102405,56.3806233880489,1.964069145336739,nan,nan,0.0,5006,0.0
development,small_01,pendulum,snn_two_layer,centroid,as_is,0.2,37.31348921130315,35.55226270943646,inf,64.93330012211493,64.23409708235431,1.964069145336739,nan,nan,0.0,5006,0.0
development,small_01,pendulum,snn_two_layer,centroid,removed,0.2,32.37453525409029,25.821301350280986,inf,56.16713942102405,56.3806233880489,1.964069145336739,nan,nan,0.0,5006,0.0
development,small_01,pendulum,snn_lmu,centroid,as_is,0.025,33.345525837792465,13.585210925282176,inf,62.17705098230608,57.00591350488969,1.4426315956514784,nan,nan,0.0,5006,0.0
development,small_01,pendulum,snn_lmu,centroid,removed,0.025,21.315562596649762,11.438745084948698,inf,52.779786259890116,51.142559730888976,1.4426315956514784,nan,nan,0.0,5006,0.0
development,small_01,pendulum,snn_lmu,centroid,as_is,0.05,40.8719510195659,20.221591048311403,inf,62.17705098230608,57.00591350488969,1.4426315956514784,nan,nan,0.0,5006,0.0
development,small_01,pendulum,snn_lmu,centroid,removed,0.05,31.67393128244916,19.69128021754193,inf,52.779786259890116,51.142559730888976,1.4426315956514784,nan,nan,0.0,5006,0.0
development,small_01,pendulum,snn_lmu,centroid,as_is,0.1,44.32031057001666,23.111342297423036,inf,62.17705098230608,57.00591350488969,1.4426315956514784,nan,nan,0.0,5006,0.0
development,small_01,pendulum,snn_lmu,centroid,removed,0.1,33.87978123504954,25.626243828432557,inf,52.779786259890116,51.142559730888976,1.4426315956514784,nan,nan,0.0,5006,0.0
development,small_01,pendulum,snn_lmu,centroid,as_is,0.2,66.13249267077262,40.71841241942484,inf,62.17705098230608,57.00591350488969,1.4426315956514784,nan,nan,0.0,5006,0.0
development,small_01,pendulum,snn_lmu,centroid,removed,0.2,57.91651555024178,45.53878486425219,inf,52.779786259890116,51.142559730888976,1.4426315956514784,nan,nan,0.0,5006,0.0
development,small_01,pendulum,snn_phasemap,snn,as_is,0.025,15.649306063125964,10.55577396035298,inf,16.572688594470705,17.077615126320417,0.9842170556890943,nan,nan,0.0,5006,0.0
development,small_01,pendulum,snn_phasemap,snn,removed,0.025,11.238856167818438,8.135764008856848,24.945,12.767578578057115,11.882030560847285,0.9842170556890943,nan,nan,0.0,5006,0.0
development,small_01,pendulum,snn_phasemap,snn,as_is,0.05,16.107554899813564,10.755122962132823,inf,16.572688594470705,17.077615126320417,0.9842170556890943,nan,nan,0.0,5006,0.0
development,small_01,pendulum,snn_phasemap,snn,removed,0.05,11.685677914143657,8.698798508459511,24.94,12.767578578057115,11.882030560847285,0.9842170556890943,nan,nan,0.0,5006,0.0
development,small_01,pendulum,snn_phasemap,snn,as_is,0.1,17.89466881534178,11.252927957925758,inf,16.572688594470705,17.077615126320417,0.9842170556890943,nan,nan,0.0,5006,0.0
development,small_01,pendulum,snn_phasemap,snn,removed,0.1,13.296438119941836,10.537426439227147,inf,12.767578578057115,11.882030560847285,0.9842170556890943,nan,nan,0.0,5006,0.0
development,small_01,pendulum,snn_phasemap,snn,as_is,0.2,20.900206576052405,13.616091048126034,inf,16.572688594470705,17.077615126320417,0.9842170556890943,nan,nan,0.0,5006,0.0
development,small_01,pendulum,snn_phasemap,snn,removed,0.2,16.989488904593827,13.644842540329927,24.8,12.767578578057115,11.882030560847285,0.9842170556890943,nan,nan,0.0,5006,0.0
development,small_01,pendulum,phasemap,snn,as_is,0.025,13.629182491717986,10.09982193943159,inf,14.596257938713375,17.487777664835995,0.998963370576189,nan,nan,0.0,5006,0.0
development,small_01,pendulum,phasemap,snn,removed,0.025,8.89037454187096,6.801964183443394,24.775000000000002,10.509214564185616,11.035343952459911,0.998963370576189,nan,nan,0.0,5006,0.0
development,small_01,pendulum,phasemap,snn,as_is,0.05,14.389801777459393,10.76193127436242,inf,14.596257938713375,17.487777664835995,0.998963370576189,nan,nan,0.0,5006,0.0
development,small_01,pendulum,phasemap,snn,removed,0.05,9.358121269729729,6.8158380054085255,24.79,10.509214564185616,11.035343952459911,0.998963370576189,nan,nan,0.0,5006,0.0
development,small_01,pendulum,phasemap,snn,as_is,0.1,15.656104368482369,10.579454378594153,inf,14.596257938713375,17.487777664835995,0.998963370576189,nan,nan,0.0,5006,0.0
development,small_01,pendulum,phasemap,snn,removed,0.1,10.735100414775301,8.115475073488113,24.79,10.509214564185616,11.035343952459911,0.998963370576189,nan,nan,0.0,5006,0.0
development,small_01,pendulum,phasemap,snn,as_is,0.2,18.302156815934755,10.862469904740845,inf,14.596257938713375,17.487777664835995,0.998963370576189,nan,nan,0.0,5006,0.0
development,small_01,pendulum,phasemap,snn,removed,0.2,13.306812759898428,12.849336150493112,24.69,10.509214564185616,11.035343952459911,0.998963370576189,nan,nan,0.0,5006,0.0
development,small_01,pendulum,kalman,snn,as_is,0.025,14.542941139676593,10.721914158901116,inf,16.049797712869783,17.842433048235943,1.009262410926349,nan,nan,0.0,5006,0.0
development,small_01,pendulum,kalman,snn,removed,0.025,10.401359111344346,8.343535336392593,24.915,11.475020607298532,13.070224768137892,1.009262410926349,nan,nan,0.0,5006,0.0
development,small_01,pendulum,kalman,snn,as_is,0.05,15.38084382069708,11.831113034343728,inf,16.049797712869783,17.842433048235943,1.009262410926349,nan,nan,0.0,5006,0.0
development,small_01,pendulum,kalman,snn,removed,0.05,11.866368575693778,9.031538667040387,24.925,11.475020607298532,13.070224768137892,1.009262410926349,nan,nan,0.0,5006,0.0
development,small_01,pendulum,kalman,snn,as_is,0.1,16.96621659222888,13.022448478125796,24.905,16.049797712869783,17.842433048235943,1.009262410926349,nan,nan,0.0,5006,0.0
development,small_01,pendulum,kalman,snn,removed,0.1,13.521036759218191,10.010872875684822,inf,11.475020607298532,13.070224768137892,1.009262410926349,nan,nan,0.0,5006,0.0
development,small_01,pendulum,kalman,snn,as_is,0.2,17.54753606132625,10.444222417853824,24.785,16.049797712869783,17.842433048235943,1.009262410926349,nan,nan,0.0,5006,0.0
development,small_01,pendulum,kalman,snn,removed,0.2,12.947447476884989,9.257239561395238,24.785,11.475020607298532,13.070224768137892,1.009262410926349,nan,nan,0.0,5006,0.0
development,small_01,pendulum,harmonic,snn,as_is,0.025,17.072519854138097,10.416470498009035,24.865000000000002,14.88343185366896,14.894209254775166,1.009262410926349,nan,nan,0.0,5006,0.0
development,small_01,pendulum,harmonic,snn,removed,0.025,12.55603835172708,10.320586020548763,24.59,10.041101741755737,7.2027827424345645,1.009262410926349,nan,nan,0.0,5006,0.0
development,small_01,pendulum,harmonic,snn,as_is,0.05,17.518983320501775,10.695250923489134,24.845,14.88343185366896,14.894209254775166,1.009262410926349,nan,nan,0.0,5006,0.0
development,small_01,pendulum,harmonic,snn,removed,0.05,13.291503742911587,10.99407560326032,24.57,10.041101741755737,7.2027827424345645,1.009262410926349,nan,nan,0.0,5006,0.0
development,small_01,pendulum,harmonic,snn,as_is,0.1,18.316136367195988,11.324571263939035,24.795,14.88343185366896,14.894209254775166,1.009262410926349,nan,nan,0.0,5006,0.0
development,small_01,pendulum,harmonic,snn,removed,0.1,14.197069628746611,11.89250025641209,24.62,10.041101741755737,7.2027827424345645,1.009262410926349,nan,nan,0.0,5006,0.0
development,small_01,pendulum,harmonic,snn,as_is,0.2,18.694252746361446,11.590682183140324,24.69,14.88343185366896,14.894209254775166,1.009262410926349,nan,nan,0.0,5006,0.0
development,small_01,pendulum,harmonic,snn,removed,0.2,14.830511612519338,12.052567463815318,24.525000000000002,10.041101741755737,7.2027827424345645,1.009262410926349,nan,nan,0.0,5006,0.0
development,small_01,pendulum,constant_velocity,snn,as_is,0.025,18.235182228496942,11.634342538442445,inf,nan,nan,nan,nan,nan,0.0,5006,0.0
development,small_01,pendulum,constant_velocity,snn,removed,0.025,14.639429774658323,9.935340939650676,24.935000000000002,nan,nan,nan,nan,nan,0.0,5006,0.0
development,small_01,pendulum,constant_velocity,snn,as_is,0.05,23.155367254275305,14.157001362517494,inf,nan,nan,nan,nan,nan,0.0,5006,0.0
development,small_01,pendulum,constant_velocity,snn,removed,0.05,19.989797813987558,12.845511162268243,inf,nan,nan,nan,nan,nan,0.0,5006,0.0
development,small_01,pendulum,constant_velocity,snn,as_is,0.1,36.6634348442024,20.934885197292807,inf,nan,nan,nan,nan,nan,0.0,5006,0.0
development,small_01,pendulum,constant_velocity,snn,removed,0.1,34.26969976355227,21.748080853987844,inf,nan,nan,nan,nan,nan,0.0,5006,0.0
development,small_01,pendulum,constant_velocity,snn,as_is,0.2,83.59291299935015,43.58208022364667,inf,nan,nan,nan,nan,nan,0.0,5006,0.0
development,small_01,pendulum,constant_velocity,snn,removed,0.2,82.82638119861755,46.71097269178321,inf,nan,nan,nan,nan,nan,0.0,5006,0.0
development,small_01,pendulum,snn_two_layer,snn,as_is,0.025,16.932232123324933,11.574769637067124,inf,73.26868619802738,75.86253243629422,2.004097364306504,nan,nan,0.0,5006,0.0
development,small_01,pendulum,snn_two_layer,snn,removed,0.025,12.07824780098589,8.63267388431617,24.85,69.12649030873621,71.44160134671145,2.004097364306504,nan,nan,0.0,5006,0.0
development,small_01,pendulum,snn_two_layer,snn,as_is,0.05,19.7448017141451,12.60839935326742,inf,73.26868619802738,75.86253243629422,2.004097364306504,nan,nan,0.0,5006,0.0
development,small_01,pendulum,snn_two_layer,snn,removed,0.05,15.274028029792218,10.083265483118568,24.975,69.12649030873621,71.44160134671145,2.004097364306504,nan,nan,0.0,5006,0.0
development,small_01,pendulum,snn_two_layer,snn,as_is,0.1,26.419624808379183,15.545385652808942,inf,73.26868619802738,75.86253243629422,2.004097364306504,nan,nan,0.0,5006,0.0
development,small_01,pendulum,snn_two_layer,snn,removed,0.1,21.966305798140688,14.239435075912473,24.88,69.12649030873621,71.44160134671145,2.004097364306504,nan,nan,0.0,5006,0.0
development,small_01,pendulum,snn_two_layer,snn,as_is,0.2,39.30011806718406,25.31362919845685,inf,73.26868619802738,75.86253243629422,2.004097364306504,nan,nan,0.0,5006,0.0
development,small_01,pendulum,snn_two_layer,snn,removed,0.2,35.58724560861705,25.639574619925067,inf,69.12649030873621,71.44160134671145,2.004097364306504,nan,nan,0.0,5006,0.0
development,small_01,pendulum,snn_lmu,snn,as_is,0.025,24.412599120526018,13.58020867532069,inf,57.928138314465414,50.95533212063083,1.4068720367714072,nan,nan,0.0,5006,0.0
development,small_01,pendulum,snn_lmu,snn,removed,0.025,20.272612324826287,15.928451998698728,inf,53.90091691505613,49.81639552225113,1.4068720367714072,nan,nan,0.0,5006,0.0
development,small_01,pendulum,snn_lmu,snn,as_is,0.05,34.31482522970064,22.6079652334529,inf,57.928138314465414,50.95533212063083,1.4068720367714072,nan,nan,0.0,5006,0.0
development,small_01,pendulum,snn_lmu,snn,removed,0.05,31.341253329916754,25.46542867565571,inf,53.90091691505613,49.81639552225113,1.4068720367714072,nan,nan,0.0,5006,0.0
development,small_01,pendulum,snn_lmu,snn,as_is,0.1,37.931305090490355,23.619451064797083,inf,57.928138314465414,50.95533212063083,1.4068720367714072,nan,nan,0.0,5006,0.0
development,small_01,pendulum,snn_lmu,snn,removed,0.1,34.20475928499475,27.07324147184569,inf,53.90091691505613,49.81639552225113,1.4068720367714072,nan,nan,0.0,5006,0.0
development,small_01,pendulum,snn_lmu,snn,as_is,0.2,65.39052522599707,42.65704375315031,inf,57.928138314465414,50.95533212063083,1.4068720367714072,nan,nan,0.0,5006,0.0
development,small_01,pendulum,snn_lmu,snn,removed,0.2,62.38893781222157,44.8682517891163,inf,53.90091691505613,49.81639552225113,1.4068720367714072,nan,nan,0.0,5006,0.0
development,wide_02/steady,pendulum,snn_phasemap,centroid,as_is,0.025,46.02418418284514,12.014775085017348,inf,44.37770708928588,43.63107894913762,0.9779914277210067,nan,nan,0.0,3810,0.0
development,wide_02/steady,pendulum,snn_phasemap,centroid,removed,0.025,15.16089486136439,15.325331893221536,inf,17.89086285932033,17.985031251780597,0.9779914277210067,nan,nan,0.0,3810,0.0
development,wide_02/steady,pendulum,snn_phasemap,centroid,as_is,0.05,47.26003816824214,13.596792352012557,inf,44.37770708928588,43.63107894913762,0.9779914277210067,nan,nan,0.0,3810,0.0
development,wide_02/steady,pendulum,snn_phasemap,centroid,removed,0.05,17.146346422763312,18.04646620474839,inf,17.89086285932033,17.985031251780597,0.9779914277210067,nan,nan,0.0,3810,0.0
development,wide_02/steady,pendulum,snn_phasemap,centroid,as_is,0.1,49.241600890551595,18.23125946573151,inf,44.37770708928588,43.63107894913762,0.9779914277210067,nan,nan,0.0,3810,0.0
development,wide_02/steady,pendulum,snn_phasemap,centroid,removed,0.1,20.978325528676006,22.50907767867588,inf,17.89086285932033,17.985031251780597,0.9779914277210067,nan,nan,0.0,3810,0.0
development,wide_02/steady,pendulum,snn_phasemap,centroid,as_is,0.2,51.73862615021994,27.261007809733698,inf,44.37770708928588,43.63107894913762,0.9779914277210067,nan,nan,0.0,3810,0.0
development,wide_02/steady,pendulum,snn_phasemap,centroid,removed,0.2,25.10743015779733,28.923064212030503,inf,17.89086285932033,17.985031251780597,0.9779914277210067,nan,nan,0.0,3810,0.0
development,wide_02/steady,pendulum,phasemap,centroid,as_is,0.025,44.69111967386612,9.088253449474735,inf,43.55927314070507,42.108500886348324,1.000067368737747,nan,nan,0.0,3810,0.0
development,wide_02/steady,pendulum,phasemap,centroid,removed,0.025,12.961757177174949,9.082161020140195,inf,14.380109259291473,13.606774603648848,1.000067368737747,nan,nan,0.0,3810,0.0
development,wide_02/steady,pendulum,phasemap,centroid,as_is,0.05,45.80569008634855,8.915991211403679,inf,43.55927314070507,42.108500886348324,1.000067368737747,nan,nan,0.0,3810,0.0
development,wide_02/steady,pendulum,phasemap,centroid,removed,0.05,15.010242376846062,10.738486355109629,inf,14.380109259291473,13.606774603648848,1.000067368737747,nan,nan,0.0,3810,0.0
development,wide_02/steady,pendulum,phasemap,centroid,as_is,0.1,47.24218981517237,9.779491872545051,inf,43.55927314070507,42.108500886348324,1.000067368737747,nan,nan,0.0,3810,0.0
development,wide_02/steady,pendulum,phasemap,centroid,removed,0.1,18.10336461581088,13.326478719365404,inf,14.380109259291473,13.606774603648848,1.000067368737747,nan,nan,0.0,3810,0.0
development,wide_02/steady,pendulum,phasemap,centroid,as_is,0.2,48.599098024179426,12.745621594834738,inf,43.55927314070507,42.108500886348324,1.000067368737747,nan,nan,0.0,3810,0.0
development,wide_02/steady,pendulum,phasemap,centroid,removed,0.2,21.609199281297776,18.942781167368253,inf,14.380109259291473,13.606774603648848,1.000067368737747,nan,nan,0.0,3810,0.0
development,wide_02/steady,pendulum,kalman,centroid,as_is,0.025,43.91036786110445,12.145158381229635,inf,42.70812323159751,41.85588875722979,1.0093899521530931,nan,nan,31.49606299212666,3810,0.0
development,wide_02/steady,pendulum,kalman,centroid,removed,0.025,12.440759584941214,9.276107514963009,inf,12.882813726522897,13.46847504649811,1.0093899521530931,nan,nan,31.49606299212666,3810,0.0
development,wide_02/steady,pendulum,kalman,centroid,as_is,0.05,44.13506074045914,13.381440762985164,inf,42.70812323159751,41.85588875722979,1.0093899521530931,nan,nan,31.49606299212666,3810,0.0
development,wide_02/steady,pendulum,kalman,centroid,removed,0.05,13.85937690694747,9.162602330738208,inf,12.882813726522897,13.46847504649811,1.0093899521530931,nan,nan,31.49606299212666,3810,0.0
development,wide_02/steady,pendulum,kalman,centroid,as_is,0.1,45.09431929081882,14.161775765794133,inf,42.70812323159751,41.85588875722979,1.0093899521530931,nan,nan,31.49606299212666,3810,0.0
development,wide_02/steady,pendulum,kalman,centroid,removed,0.1,15.828484022195571,9.514418772104657,inf,12.882813726522897,13.46847504649811,1.0093899521530931,nan,nan,31.49606299212666,3810,0.0
development,wide_02/steady,pendulum,kalman,centroid,as_is,0.2,47.500973472175495,10.946487782239267,inf,42.70812323159751,41.85588875722979,1.0093899521530931,nan,nan,31.49606299212666,3810,0.0
development,wide_02/steady,pendulum,kalman,centroid,removed,0.2,18.34655174601742,11.055704251500277,inf,12.882813726522897,13.46847504649811,1.0093899521530931,nan,nan,31.49606299212666,3810,0.0
development,wide_02/steady,pendulum,harmonic,centroid,as_is,0.025,47.969390032655824,10.015401383165255,inf,42.92263600207926,41.74323349866706,1.0093899521530931,nan,nan,0.0,3810,0.0
development,wide_02/steady,pendulum,harmonic,centroid,removed,0.025,20.135098492502973,12.830508246599496,inf,12.613084004343492,13.666914688519654,1.0093899521530931,nan,nan,0.0,3810,0.0
development,wide_02/steady,pendulum,harmonic,centroid,as_is,0.05,48.60204095162237,10.486355206331368,inf,42.92263600207926,41.74323349866706,1.0093899521530931,nan,nan,0.0,3810,0.0
development,wide_02/steady,pendulum,harmonic,centroid,removed,0.05,20.82327465777726,13.25838828123931,inf,12.613084004343492,13.666914688519654,1.0093899521530931,nan,nan,0.0,3810,0.0
development,wide_02/steady,pendulum,harmonic,centroid,as_is,0.1,49.33299340030691,10.871861052795161,inf,42.92263600207926,41.74323349866706,1.0093899521530931,nan,nan,0.0,3810,0.0
development,wide_02/steady,pendulum,harmonic,centroid,removed,0.1,22.124518733953902,14.248424407142453,inf,12.613084004343492,13.666914688519654,1.0093899521530931,nan,nan,0.0,3810,0.0
development,wide_02/steady,pendulum,harmonic,centroid,as_is,0.2,49.91085567707624,11.094438743889135,inf,42.92263600207926,41.74323349866706,1.0093899521530931,nan,nan,0.0,3810,0.0
development,wide_02/steady,pendulum,harmonic,centroid,removed,0.2,23.026633563737064,14.88249203116996,inf,12.613084004343492,13.666914688519654,1.0093899521530931,nan,nan,0.0,3810,0.0
development,wide_02/steady,pendulum,constant_velocity,centroid,as_is,0.025,42.39865202513266,14.148661010701176,inf,nan,nan,nan,nan,nan,0.0,3810,0.0
development,wide_02/steady,pendulum,constant_velocity,centroid,removed,0.025,10.280845469294142,8.375392486388872,inf,nan,nan,nan,nan,nan,0.0,3810,0.0
development,wide_02/steady,pendulum,constant_velocity,centroid,as_is,0.05,42.97626850081226,17.400460352054445,inf,nan,nan,nan,nan,nan,0.0,3810,0.0
development,wide_02/steady,pendulum,constant_velocity,centroid,removed,0.05,13.079325139756037,10.161322337014182,inf,nan,nan,nan,nan,nan,0.0,3810,0.0
development,wide_02/steady,pendulum,constant_velocity,centroid,as_is,0.1,50.725246885610886,20.76531548857932,inf,nan,nan,nan,nan,nan,0.0,3810,0.0
development,wide_02/steady,pendulum,constant_velocity,centroid,removed,0.1,26.183002451372822,14.45169715648542,inf,nan,nan,nan,nan,nan,0.0,3810,0.0
development,wide_02/steady,pendulum,constant_velocity,centroid,as_is,0.2,98.17286096949442,52.1421116487183,inf,nan,nan,nan,nan,nan,0.0,3810,0.0
development,wide_02/steady,pendulum,constant_velocity,centroid,removed,0.2,87.95719080181854,41.670108215130114,inf,nan,nan,nan,nan,nan,0.0,3810,0.0
development,wide_02/steady,pendulum,snn_two_layer,centroid,as_is,0.025,43.83331141186806,15.199127565916115,inf,100.42344045278631,96.71039262778979,1.860155346762297,nan,nan,0.0,3810,0.0
development,wide_02/steady,pendulum,snn_two_layer,centroid,removed,0.025,14.772303246559744,12.200266699330626,inf,98.99892694266214,97.65465352479134,1.860155346762297,nan,nan,0.0,3810,0.0
development,wide_02/steady,pendulum,snn_two_layer,centroid,as_is,0.05,43.709164823407605,19.981323734034042,inf,100.42344045278631,96.71039262778979,1.860155346762297,nan,nan,0.0,3810,0.0
development,wide_02/steady,pendulum,snn_two_layer,centroid,removed,0.05,18.461265725379153,14.844313582625942,inf,98.99892694266214,97.65465352479134,1.860155346762297,nan,nan,0.0,3810,0.0
development,wide_02/steady,pendulum,snn_two_layer,centroid,as_is,0.1,45.541687798798556,30.906869321331705,inf,100.42344045278631,96.71039262778979,1.860155346762297,nan,nan,0.0,3810,0.0
development,wide_02/steady,pendulum,snn_two_layer,centroid,removed,0.1,28.380627840629742,24.14810316118485,inf,98.99892694266214,97.65465352479134,1.860155346762297,nan,nan,0.0,3810,0.0
development,wide_02/steady,pendulum,snn_two_layer,centroid,as_is,0.2,59.67568508523904,54.43553169557553,inf,100.42344045278631,96.71039262778979,1.860155346762297,nan,nan,0.0,3810,0.0
development,wide_02/steady,pendulum,snn_two_layer,centroid,removed,0.2,49.33766684830176,45.173138522639164,inf,98.99892694266214,97.65465352479134,1.860155346762297,nan,nan,0.0,3810,0.0
development,wide_02/steady,pendulum,snn_lmu,centroid,as_is,0.025,50.81134335326663,11.56385611218051,inf,76.89447540183026,76.83946356855334,1.2265696102810577,nan,nan,0.0,3810,0.0
development,wide_02/steady,pendulum,snn_lmu,centroid,removed,0.025,30.20745240842463,15.997311733727976,inf,71.58847165888487,68.51205577484096,1.2265696102810577,nan,nan,0.0,3810,0.0
development,wide_02/steady,pendulum,snn_lmu,centroid,as_is,0.05,58.89706756626286,17.4055640866926,inf,76.89447540183026,76.83946356855334,1.2265696102810577,nan,nan,0.0,3810,0.0
development,wide_02/steady,pendulum,snn_lmu,centroid,removed,0.05,41.644313292072184,29.638515470868725,inf,71.58847165888487,68.51205577484096,1.2265696102810577,nan,nan,0.0,3810,0.0
development,wide_02/steady,pendulum,snn_lmu,centroid,as_is,0.1,57.745415897378024,20.244786637113137,inf,76.89447540183026,76.83946356855334,1.2265696102810577,nan,nan,0.0,3810,0.0
development,wide_02/steady,pendulum,snn_lmu,centroid,removed,0.1,45.377133426271925,33.570209485895404,inf,71.58847165888487,68.51205577484096,1.2265696102810577,nan,nan,0.0,3810,0.0
development,wide_02/steady,pendulum,snn_lmu,centroid,as_is,0.2,81.44018289401765,46.50838225247473,inf,76.89447540183026,76.83946356855334,1.2265696102810577,nan,nan,0.0,3810,0.0
development,wide_02/steady,pendulum,snn_lmu,centroid,removed,0.2,74.45363276677324,53.58870572463058,inf,71.58847165888487,68.51205577484096,1.2265696102810577,nan,nan,0.0,3810,0.0
development,wide_02/steady,pendulum,snn_phasemap,snn,as_is,0.025,25.597481110231854,17.379359326260644,inf,29.897803471103295,29.96660329271656,0.9797256090688159,nan,nan,0.0,3810,0.0
development,wide_02/steady,pendulum,snn_phasemap,snn,removed,0.025,20.495718800854835,11.563799017125415,inf,21.896189606460442,22.54831208742364,0.9797256090688159,nan,nan,0.0,3810,0.0
development,wide_02/steady,pendulum,snn_phasemap,snn,as_is,0.05,27.548105247649865,18.352671011372294,inf,29.897803471103295,29.96660329271656,0.9797256090688159,nan,nan,0.0,3810,0.0
development,wide_02/steady,pendulum,snn_phasemap,snn,removed,0.05,23.10481654327618,14.263781967420833,inf,21.896189606460442,22.54831208742364,0.9797256090688159,nan,nan,0.0,3810,0.0
development,wide_02/steady,pendulum,snn_phasemap,snn,as_is,0.1,31.51034082434491,22.68577990634492,inf,29.897803471103295,29.96660329271656,0.9797256090688159,nan,nan,0.0,3810,0.0
development,wide_02/steady,pendulum,snn_phasemap,snn,removed,0.1,26.802023350331275,21.856706782364412,inf,21.896189606460442,22.54831208742364,0.9797256090688159,nan,nan,0.0,3810,0.0
development,wide_02/steady,pendulum,snn_phasemap,snn,as_is,0.2,37.41084714495711,35.30090345557008,inf,29.897803471103295,29.96660329271656,0.9797256090688159,nan,nan,0.0,3810,0.0
development,wide_02/steady,pendulum,snn_phasemap,snn,removed,0.2,31.4657702488632,35.43537581594666,inf,21.896189606460442,22.54831208742364,0.9797256090688159,nan,nan,0.0,3810,0.0
development,wide_02/steady,pendulum,phasemap,snn,as_is,0.025,21.1853819614155,13.672594618716035,inf,23.179492433489347,26.188416329985184,1.0012619622784251,nan,nan,0.0,3810,0.0
development,wide_02/steady,pendulum,phasemap,snn,removed,0.025,11.41236540304988,9.680588121404007,inf,13.063415324112587,14.366037958337156,1.0012619622784251,nan,nan,0.0,3810,0.0
development,wide_02/steady,pendulum,phasemap,snn,as_is,0.05,21.698185508553678,13.782659041776519,inf,23.179492433489347,26.188416329985184,1.0012619622784251,nan,nan,0.0,3810,0.0
development,wide_02/steady,pendulum,phasemap,snn,removed,0.05,12.280707463097535,11.226336458607147,inf,13.063415324112587,14.366037958337156,1.0012619622784251,nan,nan,0.0,3810,0.0
development,wide_02/steady,pendulum,phasemap,snn,as_is,0.1,24.24595348878482,14.783424400753436,inf,23.179492433489347,26.188416329985184,1.0012619622784251,nan,nan,0.0,3810,0.0
development,wide_02/steady,pendulum,phasemap,snn,removed,0.1,14.697408908673697,13.713184294419051,inf,13.063415324112587,14.366037958337156,1.0012619622784251,nan,nan,0.0,3810,0.0
development,wide_02/steady,pendulum,phasemap,snn,as_is,0.2,27.447404423983578,18.42729753005425,inf,23.179492433489347,26.188416329985184,1.0012619622784251,nan,nan,0.0,3810,0.0
development,wide_02/steady,pendulum,phasemap,snn,removed,0.2,18.025454177441567,21.405496036655144,inf,13.063415324112587,14.366037958337156,1.0012619622784251,nan,nan,0.0,3810,0.0
development,wide_02/steady,pendulum,kalman,snn,as_is,0.025,21.511432746759418,13.632226643477958,inf,22.137535207451794,26.300616179782782,1.0093899521530931,nan,nan,3.149606299212666,3810,0.0
development,wide_02/steady,pendulum,kalman,snn,removed,0.025,12.324105195306519,10.954477784646441,inf,12.817797647967978,15.470553683488738,1.0093899521530931,nan,nan,3.149606299212666,3810,0.0
development,wide_02/steady,pendulum,kalman,snn,as_is,0.05,22.412362950747436,14.58297605440216,inf,22.137535207451794,26.300616179782782,1.0093899521530931,nan,nan,3.149606299212666,3810,0.0
development,wide_02/steady,pendulum,kalman,snn,removed,0.05,13.52141161598587,12.079257153175105,inf,12.817797647967978,15.470553683488738,1.0093899521530931,nan,nan,3.149606299212666,3810,0.0
development,wide_02/steady,pendulum,kalman,snn,as_is,0.1,23.302937148540224,15.980440721998725,inf,22.137535207451794,26.300616179782782,1.0093899521530931,nan,nan,3.149606299212666,3810,0.0
development,wide_02/steady,pendulum,kalman,snn,removed,0.1,15.091099039707961,13.254993733536836,inf,12.817797647967978,15.470553683488738,1.0093899521530931,nan,nan,3.149606299212666,3810,0.0
development,wide_02/steady,pendulum,kalman,snn,as_is,0.2,22.414275053315443,15.79562146991404,inf,22.137535207451794,26.300616179782782,1.0093899521530931,nan,nan,3.149606299212666,3810,0.0
development,wide_02/steady,pendulum,kalman,snn,removed,0.2,15.168004001037986,13.064166121397353,18.580000000000002,12.817797647967978,15.470553683488738,1.0093899521530931,nan,nan,3.149606299212666,3810,0.0
development,wide_02/steady,pendulum,harmonic,snn,as_is,0.025,23.385627048378375,13.70057368729493,inf,19.057139330666963,25.73164856597888,1.0093899521530931,nan,nan,0.0,3810,0.0
development,wide_02/steady,pendulum,harmonic,snn,removed,0.025,17.4213878561769,13.58914230686495,18.75,11.293138341894071,14.390266401196033,1.0093899521530931,nan,nan,0.0,3810,0.0
development,wide_02/steady,pendulum,harmonic,snn,as_is,0.05,23.785539603935494,14.31046813015841,inf,19.057139330666963,25.73164856597888,1.0093899521530931,nan,nan,0.0,3810,0.0
development,wide_02/steady,pendulum,harmonic,snn,removed,0.05,18.274397124702286,13.864010996429672,18.76,11.293138341894071,14.390266401196033,1.0093899521530931,nan,nan,0.0,3810,0.0
development,wide_02/steady,pendulum,harmonic,snn,as_is,0.1,24.287820259570765,15.167769897521246,inf,19.057139330666963,25.73164856597888,1.0093899521530931,nan,nan,0.0,3810,0.0
development,wide_02/steady,pendulum,harmonic,snn,removed,0.1,19.65528934522377,14.37139302611373,18.72,11.293138341894071,14.390266401196033,1.0093899521530931,nan,nan,0.0,3810,0.0
development,wide_02/steady,pendulum,harmonic,snn,as_is,0.2,24.447116850908714,15.467084361418308,inf,19.057139330666963,25.73164856597888,1.0093899521530931,nan,nan,0.0,3810,0.0
development,wide_02/steady,pendulum,harmonic,snn,removed,0.2,20.520861108965317,14.075596729746417,18.63,11.293138341894071,14.390266401196033,1.0093899521530931,nan,nan,0.0,3810,0.0
development,wide_02/steady,pendulum,constant_velocity,snn,as_is,0.025,25.4302947780479,18.010149778936942,inf,nan,nan,nan,nan,nan,0.0,3810,0.0
development,wide_02/steady,pendulum,constant_velocity,snn,removed,0.025,16.981116077806846,13.156285249128329,inf,nan,nan,nan,nan,nan,0.0,3810,0.0
development,wide_02/steady,pendulum,constant_velocity,snn,as_is,0.05,30.706612869821846,21.00945560947443,inf,nan,nan,nan,nan,nan,0.0,3810,0.0
development,wide_02/steady,pendulum,constant_velocity,snn,removed,0.05,23.62861137236933,16.212039738202606,inf,nan,nan,nan,nan,nan,0.0,3810,0.0
development,wide_02/steady,pendulum,constant_velocity,snn,as_is,0.1,48.213753316611125,26.834311131247276,inf,nan,nan,nan,nan,nan,0.0,3810,0.0
development,wide_02/steady,pendulum,constant_velocity,snn,removed,0.1,41.90036666459726,24.50744322301277,inf,nan,nan,nan,nan,nan,0.0,3810,0.0
development,wide_02/steady,pendulum,constant_velocity,snn,as_is,0.2,102.8717017872721,42.90799256137787,inf,nan,nan,nan,nan,nan,0.0,3810,0.0
development,wide_02/steady,pendulum,constant_velocity,snn,removed,0.2,101.57946138767126,51.685794258780575,inf,nan,nan,nan,nan,nan,0.0,3810,0.0
development,wide_02/steady,pendulum,snn_two_layer,snn,as_is,0.025,23.060357849532576,14.576520676849665,inf,94.84979175511525,86.91873185553071,1.8943376429866499,nan,nan,0.0,3810,0.0
development,wide_02/steady,pendulum,snn_two_layer,snn,removed,0.025,14.704673641803272,13.040759307726564,inf,91.55364452544265,86.79544039208733,1.8943376429866499,nan,nan,0.0,3810,0.0
development,wide_02/steady,pendulum,snn_two_layer,snn,as_is,0.05,27.47293361302749,16.125758207190948,inf,94.84979175511525,86.91873185553071,1.8943376429866499,nan,nan,0.0,3810,0.0
development,wide_02/steady,pendulum,snn_two_layer,snn,removed,0.05,18.386436295893937,15.09188765975512,inf,91.55364452544265,86.79544039208733,1.8943376429866499,nan,nan,0.0,3810,0.0
development,wide_02/steady,pendulum,snn_two_layer,snn,as_is,0.1,36.0781259193418,20.345410515655242,inf,94.84979175511525,86.91873185553071,1.8943376429866499,nan,nan,0.0,3810,0.0
development,wide_02/steady,pendulum,snn_two_layer,snn,removed,0.1,26.599082587879664,20.11020219256085,inf,91.55364452544265,86.79544039208733,1.8943376429866499,nan,nan,0.0,3810,0.0
development,wide_02/steady,pendulum,snn_two_layer,snn,as_is,0.2,50.32226765070854,36.732684808876726,inf,94.84979175511525,86.91873185553071,1.8943376429866499,nan,nan,0.0,3810,0.0
development,wide_02/steady,pendulum,snn_two_layer,snn,removed,0.2,42.362967977634206,35.63594964681502,inf,91.55364452544265,86.79544039208733,1.8943376429866499,nan,nan,0.0,3810,0.0
development,wide_02/steady,pendulum,snn_lmu,snn,as_is,0.025,34.331403813001316,18.60409734331377,inf,71.58883606462214,66.19219258073085,1.2635233787395288,nan,nan,0.0,3810,0.0
development,wide_02/steady,pendulum,snn_lmu,snn,removed,0.025,28.613866446781973,18.798913387593817,inf,72.9880067084265,69.81193405487308,1.2635233787395288,nan,nan,0.0,3810,0.0
development,wide_02/steady,pendulum,snn_lmu,snn,as_is,0.05,47.15255295215625,30.281700947699328,18.995,71.58883606462214,66.19219258073085,1.2635233787395288,nan,nan,0.0,3810,0.0
development,wide_02/steady,pendulum,snn_lmu,snn,removed,0.05,43.51730054155187,32.54132071781362,inf,72.9880067084265,69.81193405487308,1.2635233787395288,nan,nan,0.0,3810,0.0
development,wide_02/steady,pendulum,snn_lmu,snn,as_is,0.1,49.04392857664976,22.857604198350423,inf,71.58883606462214,66.19219258073085,1.2635233787395288,nan,nan,0.0,3810,0.0
development,wide_02/steady,pendulum,snn_lmu,snn,removed,0.1,45.64878087606559,18.015570674163385,18.945,72.9880067084265,69.81193405487308,1.2635233787395288,nan,nan,0.0,3810,0.0
development,wide_02/steady,pendulum,snn_lmu,snn,as_is,0.2,75.88876954779639,39.58066098500352,inf,71.58883606462214,66.19219258073085,1.2635233787395288,nan,nan,0.0,3810,0.0
development,wide_02/steady,pendulum,snn_lmu,snn,removed,0.2,74.39961237528055,35.1238366944742,18.830000000000002,72.9880067084265,69.81193405487308,1.2635233787395288,nan,nan,0.0,3810,0.0
development,wide_break,pendulum,snn_phasemap,centroid,as_is,0.025,41.02401507157688,13.289475368856458,inf,38.550231187367814,35.24938522286948,0.9905286600197695,0.9809269986224646,0.19949999999999868,0.0,5008,0.0
development,wide_break,pendulum,snn_phasemap,centroid,removed,0.025,15.192441198547193,8.922918679586639,13.195,10.878204122072297,10.169852502426618,0.9905286600197695,0.9809269986224646,0.19949999999999868,0.0,5008,0.0
development,wide_break,pendulum,snn_phasemap,centroid,as_is,0.05,41.33255025646441,14.335617144282999,inf,38.58123204058215,35.24938522286948,0.9904130447113043,0.9809269986224646,0.19949999999999868,0.0,5008,0.0
development,wide_break,pendulum,snn_phasemap,centroid,removed,0.05,15.604881539926359,11.184696836825172,13.14,10.880424575748798,10.169852502426618,0.9904130447113043,0.9809269986224646,0.19949999999999868,0.0,5008,0.0
development,wide_break,pendulum,snn_phasemap,centroid,as_is,0.1,42.77312392935484,15.428463536140413,inf,38.60937784455383,35.24938522286948,0.9902322830381498,0.9809269986224646,0.19949999999999868,0.0,5008,0.0
development,wide_break,pendulum,snn_phasemap,centroid,removed,0.1,18.09305361879231,14.298084168758223,inf,10.909206828775854,10.169852502426618,0.9902322830381498,0.9809269986224646,0.19949999999999868,0.0,5008,0.0
development,wide_break,pendulum,snn_phasemap,centroid,as_is,0.2,43.54221627007673,21.300392410108415,inf,38.70234780114124,35.24938522286948,0.9895447432509319,0.9809269986224646,0.19949999999999868,0.0,5008,0.0
development,wide_break,pendulum,snn_phasemap,centroid,removed,0.2,21.038198961518425,20.01431329915065,inf,10.946776926539016,10.169852502426618,0.9895447432509319,0.9809269986224646,0.19949999999999868,0.0,5008,0.0
development,wide_break,pendulum,phasemap,centroid,as_is,0.025,40.42284256013316,11.128493788505104,inf,40.63870937366107,36.970294397262286,1.0099059661278793,0.9991813832862341,0.13949999999999996,0.0,5008,0.0
development,wide_break,pendulum,phasemap,centroid,removed,0.025,13.949908483855124,7.66917730495987,inf,11.86393183542898,10.07386494021967,1.0099059661278793,0.9991813832862341,0.13949999999999996,0.0,5008,0.0
development,wide_break,pendulum,phasemap,centroid,as_is,0.05,40.86273275559966,11.56041362061066,inf,40.66751695280255,36.970294397262286,1.0097755227335774,0.9991813832862341,0.13949999999999996,0.0,5008,0.0
development,wide_break,pendulum,phasemap,centroid,removed,0.05,15.436091693392475,7.944275968251111,inf,11.875561130451313,10.07386494021967,1.0097755227335774,0.9991813832862341,0.13949999999999996,0.0,5008,0.0
development,wide_break,pendulum,phasemap,centroid,as_is,0.1,41.587709882573506,13.767009676236313,inf,40.69494117490463,36.970294397262286,1.0095415693970342,0.9991813832862341,0.13949999999999996,0.0,5008,0.0
development,wide_break,pendulum,phasemap,centroid,removed,0.1,17.98489579118338,11.430016900069383,inf,11.863319355635312,10.07386494021967,1.0095415693970342,0.9991813832862341,0.13949999999999996,0.0,5008,0.0
development,wide_break,pendulum,phasemap,centroid,as_is,0.2,42.37030594808345,14.421824508553108,inf,40.75964316105431,36.970294397262286,1.0090226476399042,0.9991813832862341,0.13949999999999996,0.0,5008,0.0
development,wide_break,pendulum,phasemap,centroid,removed,0.2,19.884119027749364,15.816189382129958,inf,11.875561130451313,10.07386494021967,1.0090226476399042,0.9991813832862341,0.13949999999999996,0.0,5008,0.0
development,wide_break,pendulum,kalman,centroid,as_is,0.025,39.66425830737807,12.425599148824666,inf,38.72366983494142,35.91116516670836,1.0028517160769141,0.9596535247961979,0.46449999999999925,36.267472610503226,5008,0.0
development,wide_break,pendulum,kalman,centroid,removed,0.025,13.244484446447418,9.95322186625765,13.205,11.34069193903154,11.639715394753676,1.0028517160769141,0.9596535247961979,0.46449999999999925,36.267472610503226,5008,0.0
development,wide_break,pendulum,kalman,centroid,as_is,0.05,39.675917279467136,12.802323931275545,inf,38.74045562771319,35.91116516670836,1.0028517160769141,0.9596535247961979,0.46449999999999925,36.267472610503226,5008,0.0
development,wide_break,pendulum,kalman,centroid,removed,0.05,13.984214872494716,10.47672520451869,inf,11.335321600738848,11.639715394753676,1.0028517160769141,0.9596535247961979,0.46449999999999925,36.267472610503226,5008,0.0
development,wide_break,pendulum,kalman,centroid,as_is,0.1,39.8091791158757,13.928422399090763,inf,38.764637685311065,35.91116516670836,1.0028517160769141,0.9596535247961979,0.46449999999999925,36.267472610503226,5008,0.0
development,wide_break,pendulum,kalman,centroid,removed,0.1,15.042346547486552,11.752292029772665,inf,11.314551955657818,11.639715394753676,1.0028517160769141,0.9596535247961979,0.46449999999999925,36.267472610503226,5008,0.0
development,wide_break,pendulum,kalman,centroid,as_is,0.2,40.59302837282132,13.308225404438232,inf,38.77942079011129,35.91116516670836,1.0028517160769141,0.9596535247961979,0.46449999999999925,36.267472610503226,5008,0.0
development,wide_break,pendulum,kalman,centroid,removed,0.2,16.41702973767124,12.270380276191062,inf,11.29153147761754,11.639715394753676,1.0028517160769141,0.9596535247961979,0.46449999999999925,36.267472610503226,5008,0.0
development,wide_break,pendulum,harmonic,centroid,as_is,0.025,42.274271604454626,13.064346328224417,inf,39.152731718186345,36.583010088509226,1.0028517160769141,0.7063462156658213,0.12449999999999939,0.0,5008,0.0
development,wide_break,pendulum,harmonic,centroid,removed,0.025,16.5241718203549,11.84666413538064,inf,9.825228213085698,10.015330449654646,1.0028517160769141,0.7063462156658213,0.12449999999999939,0.0,5008,0.0
development,wide_break,pendulum,harmonic,centroid,as_is,0.05,42.29207059193204,13.326546663485026,inf,39.17224714863343,36.583010088509226,1.0028517160769141,0.7063462156658213,0.12449999999999939,0.0,5008,0.0
development,wide_break,pendulum,harmonic,centroid,removed,0.05,16.856578850484613,12.143367964257095,inf,9.8171258556904,10.015330449654646,1.0028517160769141,0.7063462156658213,0.12449999999999939,0.0,5008,0.0
development,wide_break,pendulum,harmonic,centroid,as_is,0.1,42.4993276053492,13.558362926776468,inf,39.215020366142966,36.583010088509226,1.0028517160769141,0.7063462156658213,0.12449999999999939,0.0,5008,0.0
development,wide_break,pendulum,harmonic,centroid,removed,0.1,17.025510619865877,12.406222606624628,inf,9.80948699273333,10.015330449654646,1.0028517160769141,0.7063462156658213,0.12449999999999939,0.0,5008,0.0
development,wide_break,pendulum,harmonic,centroid,as_is,0.2,42.622715155587734,13.596114123805151,inf,39.27619180611451,36.583010088509226,1.0028517160769141,0.7063462156658213,0.12449999999999939,0.0,5008,0.0
development,wide_break,pendulum,harmonic,centroid,removed,0.2,17.116444601151162,12.787076468959809,inf,9.790530742925302,10.015330449654646,1.0028517160769141,0.7063462156658213,0.12449999999999939,0.0,5008,0.0
development,wide_break,pendulum,constant_velocity,centroid,as_is,0.025,38.94968447027232,13.106864072172094,inf,nan,nan,nan,0.49185967603835595,inf,0.0,5008,0.0
development,wide_break,pendulum,constant_velocity,centroid,removed,0.025,10.27561939886887,8.977185427153035,13.16,nan,nan,nan,0.49185967603835595,inf,0.0,5008,0.0
development,wide_break,pendulum,constant_velocity,centroid,as_is,0.05,38.747799035012,15.014058336324304,inf,nan,nan,nan,0.49185967603835595,inf,0.0,5008,0.0
development,wide_break,pendulum,constant_velocity,centroid,removed,0.05,12.422408218063694,10.575635629140244,13.16,nan,nan,nan,0.49185967603835595,inf,0.0,5008,0.0
development,wide_break,pendulum,constant_velocity,centroid,as_is,0.1,45.76070320483942,17.104972125075847,inf,nan,nan,nan,0.49185967603835595,inf,0.0,5008,0.0
development,wide_break,pendulum,constant_velocity,centroid,removed,0.1,25.136559576638764,18.62906259532726,inf,nan,nan,nan,0.49185967603835595,inf,0.0,5008,0.0
development,wide_break,pendulum,constant_velocity,centroid,as_is,0.2,93.89628123361148,52.096939803900455,inf,nan,nan,nan,0.49185967603835595,inf,0.0,5008,0.0
development,wide_break,pendulum,constant_velocity,centroid,removed,0.2,83.8652947191095,48.385288766841654,inf,nan,nan,nan,0.49185967603835595,inf,0.0,5008,0.0
development,wide_break,pendulum,snn_two_layer,centroid,as_is,0.025,38.58263044594018,14.854243351293668,inf,88.836649544539,85.47973326396365,1.8256489125973503,0.6265258057078195,inf,0.0,5008,0.0
development,wide_break,pendulum,snn_two_layer,centroid,removed,0.025,13.795143390931027,11.377705087838637,inf,80.08156605571855,80.90391501768704,1.8256489125973503,0.6265258057078195,inf,0.0,5008,0.0
development,wide_break,pendulum,snn_two_layer,centroid,as_is,0.05,38.57439874399534,19.4597342999029,inf,88.90474723094691,85.47973326396365,1.8265052859792046,0.6265258057078195,inf,0.0,5008,0.0
development,wide_break,pendulum,snn_two_layer,centroid,removed,0.05,15.858945737165776,14.395859174930639,inf,79.95621249502497,80.90391501768704,1.8265052859792046,0.6265258057078195,inf,0.0,5008,0.0
development,wide_break,pendulum,snn_two_layer,centroid,as_is,0.1,38.88188056805923,32.68959945590102,inf,88.79294975977271,85.47973326396365,1.8290452589797401,0.6265258057078195,inf,0.0,5008,0.0
development,wide_break,pendulum,snn_two_layer,centroid,removed,0.1,21.624772352988543,21.410936671959284,inf,79.80678290916885,80.90391501768704,1.8290452589797401,0.6265258057078195,inf,0.0,5008,0.0
development,wide_break,pendulum,snn_two_layer,centroid,as_is,0.2,49.15293786012122,58.64670443952724,inf,88.53983395334416,85.47973326396365,1.83510355716823,0.6265258057078195,inf,0.0,5008,0.0
development,wide_break,pendulum,snn_two_layer,centroid,removed,0.2,37.98230108148425,38.86379553148384,inf,79.37828348636864,80.90391501768704,1.83510355716823,0.6265258057078195,inf,0.0,5008,0.0
development,wide_break,pendulum,snn_lmu,centroid,as_is,0.025,46.03639643198248,15.182047488218075,inf,91.70394934404418,85.64914611726589,1.3200141228344764,0.49334809915630956,inf,0.0,5008,0.0
development,wide_break,pendulum,snn_lmu,centroid,removed,0.025,28.41635248084495,15.462557671496043,inf,74.35922680905547,69.80936420119625,1.3200141228344764,0.49334809915630956,inf,0.0,5008,0.0
development,wide_break,pendulum,snn_lmu,centroid,as_is,0.05,54.50448783314076,23.861250014411084,inf,91.67844999167534,85.64914611726589,1.3197608854647662,0.49334809915630956,inf,0.0,5008,0.0
development,wide_break,pendulum,snn_lmu,centroid,removed,0.05,40.666700318304144,28.8863459693487,inf,74.32136178586184,69.80936420119625,1.3197608854647662,0.49334809915630956,inf,0.0,5008,0.0
development,wide_break,pendulum,snn_lmu,centroid,as_is,0.1,63.342094173677594,25.569376045481704,inf,91.66521147091686,85.64914611726589,1.31913895193783,0.49334809915630956,inf,0.0,5008,0.0
development,wide_break,pendulum,snn_lmu,centroid,removed,0.1,43.54127120095222,29.451392661714976,inf,74.26896181868999,69.80936420119625,1.31913895193783,0.49334809915630956,inf,0.0,5008,0.0
development,wide_break,pendulum,snn_lmu,centroid,as_is,0.2,91.7914257502097,42.8544913565617,inf,91.87742487002444,85.64914611726589,1.31745405916653,0.49334809915630956,inf,0.0,5008,0.0
development,wide_break,pendulum,snn_lmu,centroid,removed,0.2,76.0839263186317,54.07489850484261,inf,74.50148196464492,69.80936420119625,1.31745405916653,0.49334809915630956,inf,0.0,5008,0.0
development,wide_break,pendulum,snn_phasemap,snn,as_is,0.025,20.010991376700844,11.793243916678096,inf,21.73365690591073,28.436945164102944,0.9882418563363828,0.9904297369721774,0.3194999999999997,0.0,5008,0.027156549520766772
development,wide_break,pendulum,snn_phasemap,snn,removed,0.025,14.217929402955821,11.666595707345296,inf,18.11065936719978,19.42029779462127,0.9882418563363828,0.9904297369721774,0.3194999999999997,0.0,5008,0.027156549520766772
development,wide_break,pendulum,snn_phasemap,snn,as_is,0.05,19.63345607736251,13.121698090621331,inf,21.71726215643232,28.436945164102944,0.9881534454775003,0.9904297369721774,0.3194999999999997,0.0,5008,0.027156549520766772
development,wide_break,pendulum,snn_phasemap,snn,removed,0.05,15.436557277910218,10.816905606847277,inf,18.09908933740383,19.42029779462127,0.9881534454775003,0.9904297369721774,0.3194999999999997,0.0,5008,0.027156549520766772
development,wide_break,pendulum,snn_phasemap,snn,as_is,0.1,22.552155170289858,15.921705617009458,inf,21.669905081416665,28.436945164102944,0.9878888081463036,0.9904297369721774,0.3194999999999997,0.0,5008,0.027156549520766772
development,wide_break,pendulum,snn_phasemap,snn,removed,0.1,18.511626018120953,12.207174186074674,inf,18.09130693517553,19.42029779462127,0.9878888081463036,0.9904297369721774,0.3194999999999997,0.0,5008,0.027156549520766772
development,wide_break,pendulum,snn_phasemap,snn,as_is,0.2,30.392579909807644,23.055342535049782,inf,21.54025505795139,28.436945164102944,0.9870588057850225,0.9904297369721774,0.3194999999999997,0.0,5008,0.027156549520766772
development,wide_break,pendulum,snn_phasemap,snn,removed,0.2,23.371715424567192,18.098609302176392,inf,18.049163832368073,19.42029779462127,0.9870588057850225,0.9904297369721774,0.3194999999999997,0.0,5008,0.027156549520766772
development,wide_break,pendulum,phasemap,snn,as_is,0.025,18.781174834915987,11.404370564224806,inf,17.5733273742875,24.081414216113394,1.003652955161157,0.9993426744604866,0.2944999999999993,0.0,5008,0.027156549520766772
development,wide_break,pendulum,phasemap,snn,removed,0.025,10.599993997494519,7.619937622705617,inf,12.537720432937391,14.639329244050831,1.003652955161157,0.9993426744604866,0.2944999999999993,0.0,5008,0.027156549520766772
development,wide_break,pendulum,phasemap,snn,as_is,0.05,18.14657924362696,11.64543029457788,inf,17.55439623076989,24.081414216113394,1.0034495869251028,0.9993426744604866,0.2944999999999993,0.0,5008,0.027156549520766772
development,wide_break,pendulum,phasemap,snn,removed,0.05,10.618777236950299,6.942583321130587,inf,12.516813724140794,14.639329244050831,1.0034495869251028,0.9993426744604866,0.2944999999999993,0.0,5008,0.027156549520766772
development,wide_break,pendulum,phasemap,snn,as_is,0.1,19.604188294576026,11.124947745310637,inf,17.506826892822026,24.081414216113394,1.0031765162425186,0.9993426744604866,0.2944999999999993,0.0,5008,0.027156549520766772
development,wide_break,pendulum,phasemap,snn,removed,0.1,12.509743511601094,7.482587477482349,inf,12.502309049725207,14.639329244050831,1.0031765162425186,0.9993426744604866,0.2944999999999993,0.0,5008,0.027156549520766772
development,wide_break,pendulum,phasemap,snn,as_is,0.2,22.80966413464575,12.622066021346882,inf,17.42645544261788,24.081414216113394,1.0026244357063723,0.9993426744604866,0.2944999999999993,0.0,5008,0.027156549520766772
development,wide_break,pendulum,phasemap,snn,removed,0.2,14.516986345479602,13.425351462070571,inf,12.458371757493794,14.639329244050831,1.0026244357063723,0.9993426744604866,0.2944999999999993,0.0,5008,0.027156549520766772
development,wide_break,pendulum,kalman,snn,as_is,0.025,21.02429838919985,12.60675024993485,inf,20.19937574475348,29.034438073071776,1.0034914938862138,0.9904500583800445,0.1645000000000003,0.0,5008,0.027156549520766772
development,wide_break,pendulum,kalman,snn,removed,0.025,13.045615663105073,10.272736619908029,inf,15.054086948699457,16.587987946955508,1.0034914938862138,0.9904500583800445,0.1645000000000003,0.0,5008,0.027156549520766772
development,wide_break,pendulum,kalman,snn,as_is,0.05,21.693660147615702,13.286974761130784,inf,20.156547393167614,29.034438073071776,1.0034914938862138,0.9904500583800445,0.1645000000000003,0.0,5008,0.027156549520766772
development,wide_break,pendulum,kalman,snn,removed,0.05,13.80992993941062,10.684197090601282,inf,15.03341475378224,16.587987946955508,1.0034914938862138,0.9904500583800445,0.1645000000000003,0.0,5008,0.027156549520766772
development,wide_break,pendulum,kalman,snn,as_is,0.1,21.290913285015957,14.575301290199782,inf,20.123972449207717,29.034438073071776,1.0034914938862138,0.9904500583800445,0.1645000000000003,0.0,5008,0.027156549520766772
development,wide_break,pendulum,kalman,snn,removed,0.1,15.169479620653705,12.447990317589387,inf,15.024116054780816,16.587987946955508,1.0034914938862138,0.9904500583800445,0.1645000000000003,0.0,5008,0.027156549520766772
development,wide_break,pendulum,kalman,snn,as_is,0.2,20.7249808220284,17.402862919152934,inf,20.052888877260116,29.034438073071776,1.0034914938862138,0.9904500583800445,0.1645000000000003,0.0,5008,0.027156549520766772
development,wide_break,pendulum,kalman,snn,removed,0.2,15.158323595202852,11.869395975676753,inf,14.982966942895782,16.587987946955508,1.0034914938862138,0.9904500583800445,0.1645000000000003,0.0,5008,0.027156549520766772
development,wide_break,pendulum,harmonic,snn,as_is,0.025,19.20695622795936,18.922125609869326,inf,17.475214798997307,23.381274776298994,1.0034914938862138,0.7025717141683576,0.19449999999999967,0.0,5008,0.027156549520766772
development,wide_break,pendulum,harmonic,snn,removed,0.025,16.484808349539477,10.307824166617186,inf,11.776993525095907,12.269477284385797,1.0034914938862138,0.7025717141683576,0.19449999999999967,0.0,5008,0.027156549520766772
development,wide_break,pendulum,harmonic,snn,as_is,0.05,19.09305784987111,19.29827648765447,inf,17.436328408068086,23.381274776298994,1.0034914938862138,0.7025717141683576,0.19449999999999967,0.0,5008,0.027156549520766772
development,wide_break,pendulum,harmonic,snn,removed,0.05,16.89692640248689,10.497968782933246,inf,11.76972632024092,12.269477284385797,1.0034914938862138,0.7025717141683576,0.19449999999999967,0.0,5008,0.027156549520766772
development,wide_break,pendulum,harmonic,snn,as_is,0.1,19.00061538670968,19.49271785342487,inf,17.371263925038697,23.381274776298994,1.0034914938862138,0.7025717141683576,0.19449999999999967,0.0,5008,0.027156549520766772
development,wide_break,pendulum,harmonic,snn,removed,0.1,17.79231232471553,10.77476993728494,inf,11.749693540464675,12.269477284385797,1.0034914938862138,0.7025717141683576,0.19449999999999967,0.0,5008,0.027156549520766772
development,wide_break,pendulum,harmonic,snn,as_is,0.2,18.919989478358143,19.51228115141527,inf,17.312528388453504,23.381274776298994,1.0034914938862138,0.7025717141683576,0.19449999999999967,0.0,5008,0.027156549520766772
development,wide_break,pendulum,harmonic,snn,removed,0.2,18.238809793369164,11.158927382502084,inf,11.722480807094815,12.269477284385797,1.0034914938862138,0.7025717141683576,0.19449999999999967,0.0,5008,0.027156549520766772
development,wide_break,pendulum,constant_velocity,snn,as_is,0.025,23.460014296017174,14.628381734410379,inf,nan,nan,nan,0.6705096529087535,0.5294999999999987,0.0,5008,0.027156549520766772
development,wide_break,pendulum,constant_velocity,snn,removed,0.025,18.804248611800713,13.24614306394566,inf,nan,nan,nan,0.6705096529087535,0.5294999999999987,0.0,5008,0.027156549520766772
development,wide_break,pendulum,constant_velocity,snn,as_is,0.05,28.7410104756499,18.79508006896621,inf,nan,nan,nan,0.6705096529087535,0.5294999999999987,0.0,5008,0.027156549520766772
development,wide_break,pendulum,constant_velocity,snn,removed,0.05,25.702343794645152,17.78302456970335,inf,nan,nan,nan,0.6705096529087535,0.5294999999999987,0.0,5008,0.027156549520766772
development,wide_break,pendulum,constant_velocity,snn,as_is,0.1,45.78756376121041,26.626909925048466,inf,nan,nan,nan,0.6705096529087535,0.5294999999999987,0.0,5008,0.027156549520766772
development,wide_break,pendulum,constant_velocity,snn,removed,0.1,43.805471703895975,29.926133668821322,inf,nan,nan,nan,0.6705096529087535,0.5294999999999987,0.0,5008,0.027156549520766772
development,wide_break,pendulum,constant_velocity,snn,as_is,0.2,103.86052146859896,54.5714800504426,inf,nan,nan,nan,0.6705096529087535,0.5294999999999987,0.0,5008,0.027156549520766772
development,wide_break,pendulum,constant_velocity,snn,removed,0.2,103.33825985499718,60.56781912511394,inf,nan,nan,nan,0.6705096529087535,0.5294999999999987,0.0,5008,0.027156549520766772
development,wide_break,pendulum,snn_two_layer,snn,as_is,0.025,24.50918276032465,11.813882807529449,inf,95.20536867825743,97.05197442373058,1.8596629531273032,0.5393388053924376,inf,0.0,5008,0.027156549520766772
development,wide_break,pendulum,snn_two_layer,snn,removed,0.025,14.819682870941705,10.407835751143384,inf,90.00686574028383,92.50975049392446,1.8596629531273032,0.5393388053924376,inf,0.0,5008,0.027156549520766772
development,wide_break,pendulum,snn_two_layer,snn,as_is,0.05,26.482296260144945,14.021589271681314,inf,95.1540036941187,97.05197442373058,1.8597030330785331,0.5393388053924376,inf,0.0,5008,0.027156549520766772
development,wide_break,pendulum,snn_two_layer,snn,removed,0.05,17.37243928701727,14.2155652083351,inf,89.76842096190894,92.50975049392446,1.8597030330785331,0.5393388053924376,inf,0.0,5008,0.027156549520766772
development,wide_break,pendulum,snn_two_layer,snn,as_is,0.1,31.601072487566046,20.043320875525573,inf,95.10768239999693,97.05197442373058,1.8599006326493361,0.5393388053924376,inf,0.0,5008,0.027156549520766772
development,wide_break,pendulum,snn_two_layer,snn,removed,0.1,23.685306565964336,20.876719251580134,inf,89.29475244468787,92.50975049392446,1.8599006326493361,0.5393388053924376,inf,0.0,5008,0.027156549520766772
development,wide_break,pendulum,snn_two_layer,snn,as_is,0.2,45.414703419744505,35.94559424958634,inf,95.02245902588055,97.05197442373058,1.8605005868072262,0.5393388053924376,inf,0.0,5008,0.027156549520766772
development,wide_break,pendulum,snn_two_layer,snn,removed,0.2,38.328668261519404,34.12090760844687,inf,88.4369090743078,92.50975049392446,1.8605005868072262,0.5393388053924376,inf,0.0,5008,0.027156549520766772
development,wide_break,pendulum,snn_lmu,snn,as_is,0.025,34.18833019213501,17.396342059701567,inf,64.40058520404995,64.18468066731683,1.235119734908185,0.7994670670784072,inf,0.0,5008,0.027156549520766772
development,wide_break,pendulum,snn_lmu,snn,removed,0.025,29.801807008044186,20.371970025453017,inf,66.26199393155434,67.23250675847757,1.235119734908185,0.7994670670784072,inf,0.0,5008,0.027156549520766772
development,wide_break,pendulum,snn_lmu,snn,as_is,0.05,47.44489818009258,31.197818485309796,inf,64.36805577974548,64.18468066731683,1.2344037813438864,0.7994670670784072,inf,0.0,5008,0.027156549520766772
development,wide_break,pendulum,snn_lmu,snn,removed,0.05,43.96983467119426,34.45075222002518,inf,66.24643448199276,67.23250675847757,1.2344037813438864,0.7994670670784072,inf,0.0,5008,0.027156549520766772
development,wide_break,pendulum,snn_lmu,snn,as_is,0.1,45.29924822004323,26.711808456351548,inf,64.36864713326813,64.18468066731683,1.232812447110435,0.7994670670784072,inf,0.0,5008,0.027156549520766772
development,wide_break,pendulum,snn_lmu,snn,removed,0.1,42.8651511843383,29.0983026874988,inf,66.16904672212013,67.23250675847757,1.232812447110435,0.7994670670784072,inf,0.0,5008,0.027156549520766772
development,wide_break,pendulum,snn_lmu,snn,as_is,0.2,72.85276441550822,52.32897048529064,inf,64.42814579350454,64.18468066731683,1.2307258399894037,0.7994670670784072,inf,0.0,5008,0.027156549520766772
development,wide_break,pendulum,snn_lmu,snn,removed,0.2,73.05202111003902,52.782247108184066,inf,66.08834219858747,67.23250675847757,1.2307258399894037,0.7994670670784072,inf,0.0,5008,0.027156549520766772
development,fan_brush_slow_02,fan,snn_phasemap,centroid,as_is,0.025,6.861849475609821,5.845244402519004,29.125,7.619716289692596,7.485323415629713,0.9830203204278806,nan,nan,0.0,6006,0.0
development,fan_brush_slow_02,fan,snn_phasemap,centroid,removed,0.025,6.062204400545686,4.895859401098331,26.805,6.54048413013808,6.171352802698629,0.9830203204278806,nan,nan,0.0,6006,0.0
development,fan_brush_slow_02,fan,snn_phasemap,centroid,as_is,0.05,7.398652347742693,5.836192435878069,29.13,7.619716289692596,7.485323415629713,0.9830203204278806,nan,nan,0.0,6006,0.0
development,fan_brush_slow_02,fan,snn_phasemap,centroid,removed,0.05,6.571774774974736,5.253383357502377,29.125,6.54048413013808,6.171352802698629,0.9830203204278806,nan,nan,0.0,6006,0.0
development,fan_brush_slow_02,fan,snn_phasemap,centroid,as_is,0.1,7.809720392644803,5.756491880322936,29.345,7.619716289692596,7.485323415629713,0.9830203204278806,nan,nan,0.0,6006,0.0
development,fan_brush_slow_02,fan,snn_phasemap,centroid,removed,0.1,7.104809469257691,5.809539121560963,29.045,6.54048413013808,6.171352802698629,0.9830203204278806,nan,nan,0.0,6006,0.0
development,fan_brush_slow_02,fan,snn_phasemap,centroid,as_is,0.2,8.951792714534342,6.3849105748324435,29.305,7.619716289692596,7.485323415629713,0.9830203204278806,nan,nan,0.0,6006,0.0
development,fan_brush_slow_02,fan,snn_phasemap,centroid,removed,0.2,8.124484703788315,5.793390591437932,29.305,6.54048413013808,6.171352802698629,0.9830203204278806,nan,nan,0.0,6006,0.0
development,fan_brush_slow_02,fan,phasemap,centroid,as_is,0.025,4.804127596022443,7.321879425493259,28.895,6.443770141603018,5.887188518173559,1.0011673220129582,nan,nan,0.0,6006,0.0
development,fan_brush_slow_02,fan,phasemap,centroid,removed,0.025,4.397925812963871,4.866738869287124,26.575,5.2578695559955495,4.674279541574672,1.0011673220129582,nan,nan,0.0,6006,0.0
development,fan_brush_slow_02,fan,phasemap,centroid,as_is,0.05,5.284846901982807,6.687484599074469,27.715,6.443770141603018,5.887188518173559,1.0011673220129582,nan,nan,0.0,6006,0.0
development,fan_brush_slow_02,fan,phasemap,centroid,removed,0.05,4.5217566461702,4.903752718849512,24.44,5.2578695559955495,4.674279541574672,1.0011673220129582,nan,nan,0.0,6006,0.0
development,fan_brush_slow_02,fan,phasemap,centroid,as_is,0.1,6.171842049953577,6.301117834321273,27.715,6.443770141603018,5.887188518173559,1.0011673220129582,nan,nan,0.0,6006,0.0
development,fan_brush_slow_02,fan,phasemap,centroid,removed,0.1,5.155493079098287,5.293707027578993,25.28,5.2578695559955495,4.674279541574672,1.0011673220129582,nan,nan,0.0,6006,0.0
development,fan_brush_slow_02,fan,phasemap,centroid,as_is,0.2,7.858884148097626,7.089737928273448,28.94,6.443770141603018,5.887188518173559,1.0011673220129582,nan,nan,0.0,6006,0.0
development,fan_brush_slow_02,fan,phasemap,centroid,removed,0.2,6.899577108032788,5.701232037948396,26.39,5.2578695559955495,4.674279541574672,1.0011673220129582,nan,nan,0.0,6006,0.0
development,fan_brush_slow_02,fan,kalman,centroid,as_is,0.025,5.5455287322898545,7.530138586202495,28.94,7.690498117185964,6.040605964032233,2.0000186064924446,nan,nan,21.978021978022444,6006,0.0
development,fan_brush_slow_02,fan,kalman,centroid,removed,0.025,5.329431235211308,5.063535531194731,26.810000000000002,6.721574257109089,5.690322524973358,2.0000186064924446,nan,nan,21.978021978022444,6006,0.0
development,fan_brush_slow_02,fan,kalman,centroid,as_is,0.05,6.152960262717654,7.403019329014826,28.94,7.690498117185964,6.040605964032233,2.0000186064924446,nan,nan,21.978021978022444,6006,0.0
development,fan_brush_slow_02,fan,kalman,centroid,removed,0.05,5.684184701412146,5.621950084979171,28.16,6.721574257109089,5.690322524973358,2.0000186064924446,nan,nan,21.978021978022444,6006,0.0
development,fan_brush_slow_02,fan,kalman,centroid,as_is,0.1,7.247959239840668,7.603350083206636,29.565,7.690498117185964,6.040605964032233,2.0000186064924446,nan,nan,21.978021978022444,6006,0.0
development,fan_brush_slow_02,fan,kalman,centroid,removed,0.1,6.321974414919936,6.770877499122189,28.94,6.721574257109089,5.690322524973358,2.0000186064924446,nan,nan,21.978021978022444,6006,0.0
development,fan_brush_slow_02,fan,kalman,centroid,as_is,0.2,9.035713406055054,8.519092846713335,29.565,7.690498117185964,6.040605964032233,2.0000186064924446,nan,nan,21.978021978022444,6006,0.0
development,fan_brush_slow_02,fan,kalman,centroid,removed,0.2,7.830229678920231,8.250494005627324,29.565,6.721574257109089,5.690322524973358,2.0000186064924446,nan,nan,21.978021978022444,6006,0.0
development,fan_brush_slow_02,fan,harmonic,centroid,as_is,0.025,7.279175872453861,5.4386427733690486,26.555,6.201056335549069,7.718901821581925,2.0000186064924446,nan,nan,0.0,6006,0.0
development,fan_brush_slow_02,fan,harmonic,centroid,removed,0.025,6.041644630081755,3.719215026895607,4.705,4.674581385082126,5.974697500789381,2.0000186064924446,nan,nan,0.0,6006,0.0
development,fan_brush_slow_02,fan,harmonic,centroid,as_is,0.05,7.346366718276943,5.393186319387031,26.53,6.201056335549069,7.718901821581925,2.0000186064924446,nan,nan,0.0,6006,0.0
development,fan_brush_slow_02,fan,harmonic,centroid,removed,0.05,6.082988840988476,3.6762514659627357,4.715,4.674581385082126,5.974697500789381,2.0000186064924446,nan,nan,0.0,6006,0.0
development,fan_brush_slow_02,fan,harmonic,centroid,as_is,0.1,7.452364229136034,5.392892205822353,26.48,6.201056335549069,7.718901821581925,2.0000186064924446,nan,nan,0.0,6006,0.0
development,fan_brush_slow_02,fan,harmonic,centroid,removed,0.1,6.224148719949965,3.818123813054645,5.005,4.674581385082126,5.974697500789381,2.0000186064924446,nan,nan,0.0,6006,0.0
development,fan_brush_slow_02,fan,harmonic,centroid,as_is,0.2,7.651796606047901,5.340675721845739,26.385,6.201056335549069,7.718901821581925,2.0000186064924446,nan,nan,0.0,6006,0.0
development,fan_brush_slow_02,fan,harmonic,centroid,removed,0.2,6.4282726709905695,3.880620759681319,5.005,4.674581385082126,5.974697500789381,2.0000186064924446,nan,nan,0.0,6006,0.0
development,fan_brush_slow_02,fan,constant_velocity,centroid,as_is,0.025,7.080900241062322,7.353740516614586,28.94,nan,nan,nan,nan,nan,0.0,6006,0.0
development,fan_brush_slow_02,fan,constant_velocity,centroid,removed,0.025,6.5795977973216555,6.294669180550766,28.94,nan,nan,nan,nan,nan,0.0,6006,0.0
development,fan_brush_slow_02,fan,constant_velocity,centroid,as_is,0.05,9.10765534675997,7.895881553092172,inf,nan,nan,nan,nan,nan,0.0,6006,0.0
development,fan_brush_slow_02,fan,constant_velocity,centroid,removed,0.05,8.493172289589197,7.671522517519767,29.35,nan,nan,nan,nan,nan,0.0,6006,0.0
development,fan_brush_slow_02,fan,constant_velocity,centroid,as_is,0.1,14.385319367508266,9.843507449224074,inf,nan,nan,nan,nan,nan,0.0,6006,0.0
development,fan_brush_slow_02,fan,constant_velocity,centroid,removed,0.1,13.59317594807874,10.381421641622792,29.665,nan,nan,nan,nan,nan,0.0,6006,0.0
development,fan_brush_slow_02,fan,constant_velocity,centroid,as_is,0.2,29.70559683253955,16.288738520476397,29.810000000000002,nan,nan,nan,nan,nan,0.0,6006,0.0
development,fan_brush_slow_02,fan,constant_velocity,centroid,removed,0.2,29.326687984752994,17.718508911169828,29.755,nan,nan,nan,nan,nan,0.0,6006,0.0
development,fan_brush_slow_02,fan,snn_two_layer,centroid,as_is,0.025,7.345962687611646,7.809443797390107,29.125,74.89681298188742,75.06478420004333,2.6952603193978844,nan,nan,0.0,6006,0.0
development,fan_brush_slow_02,fan,snn_two_layer,centroid,removed,0.025,6.690041260846949,5.889605375259217,28.94,74.17234968932327,73.7862850750355,2.6952603193978844,nan,nan,0.0,6006,0.0
development,fan_brush_slow_02,fan,snn_two_layer,centroid,as_is,0.05,8.896982121896748,8.27851902123946,29.64,74.89681298188742,75.06478420004333,2.6952603193978844,nan,nan,0.0,6006,0.0
development,fan_brush_slow_02,fan,snn_two_layer,centroid,removed,0.05,8.272987382411511,7.015925888241163,29.635,74.17234968932327,73.7862850750355,2.6952603193978844,nan,nan,0.0,6006,0.0
development,fan_brush_slow_02,fan,snn_two_layer,centroid,as_is,0.1,12.84547483518055,10.226575631450306,inf,74.89681298188742,75.06478420004333,2.6952603193978844,nan,nan,0.0,6006,0.0
development,fan_brush_slow_02,fan,snn_two_layer,centroid,removed,0.1,11.964841502262367,10.15741259742327,29.665,74.17234968932327,73.7862850750355,2.6952603193978844,nan,nan,0.0,6006,0.0
development,fan_brush_slow_02,fan,snn_two_layer,centroid,as_is,0.2,23.39675083289606,17.420511152790674,29.68,74.89681298188742,75.06478420004333,2.6952603193978844,nan,nan,0.0,6006,0.0
development,fan_brush_slow_02,fan,snn_two_layer,centroid,removed,0.2,22.769404212429237,18.711055419242133,29.68,74.17234968932327,73.7862850750355,2.6952603193978844,nan,nan,0.0,6006,0.0
development,fan_brush_slow_02,fan,snn_lmu,centroid,as_is,0.025,8.269084451088274,6.388678768497628,29.12,28.728911493020938,35.36168163906041,1.6354071915167716,nan,nan,0.0,6006,0.0
development,fan_brush_slow_02,fan,snn_lmu,centroid,removed,0.025,8.389557521799265,4.112473613168372,26.810000000000002,28.21486926536123,32.70803823873703,1.6354071915167716,nan,nan,0.0,6006,0.0
development,fan_brush_slow_02,fan,snn_lmu,centroid,as_is,0.05,11.378335728058463,6.394702684188552,inf,28.728911493020938,35.36168163906041,1.6354071915167716,nan,nan,0.0,6006,0.0
development,fan_brush_slow_02,fan,snn_lmu,centroid,removed,0.05,11.440184900876842,4.524648788897579,29.11,28.21486926536123,32.70803823873703,1.6354071915167716,nan,nan,0.0,6006,0.0
development,fan_brush_slow_02,fan,snn_lmu,centroid,as_is,0.1,16.94383491094367,8.8411203222283,inf,28.728911493020938,35.36168163906041,1.6354071915167716,nan,nan,0.0,6006,0.0
development,fan_brush_slow_02,fan,snn_lmu,centroid,removed,0.1,16.263237819492723,7.405487804360179,inf,28.21486926536123,32.70803823873703,1.6354071915167716,nan,nan,0.0,6006,0.0
development,fan_brush_slow_02,fan,snn_lmu,centroid,as_is,0.2,28.133356699325645,12.466131005672548,inf,28.728911493020938,35.36168163906041,1.6354071915167716,nan,nan,0.0,6006,0.0
development,fan_brush_slow_02,fan,snn_lmu,centroid,removed,0.2,27.31627783514388,11.343896033489948,inf,28.21486926536123,32.70803823873703,1.6354071915167716,nan,nan,0.0,6006,0.0
development,fan_brush_slow_02,fan,snn_phasemap,snn,as_is,0.025,11.242367500057945,9.523739540193189,29.97,12.041269542242611,12.37789375653307,0.9835102436220168,nan,nan,0.0,6006,0.0
development,fan_brush_slow_02,fan,snn_phasemap,snn,removed,0.025,8.504769229007138,8.214800008647952,29.64,9.288349145787935,8.35361291774566,0.9835102436220168,nan,nan,0.0,6006,0.0
development,fan_brush_slow_02,fan,snn_phasemap,snn,as_is,0.05,12.033079997397335,8.859106541600667,29.97,12.041269542242611,12.37789375653307,0.9835102436220168,nan,nan,0.0,6006,0.0
development,fan_brush_slow_02,fan,snn_phasemap,snn,removed,0.05,9.069391076971286,8.396106773644291,29.625,9.288349145787935,8.35361291774566,0.9835102436220168,nan,nan,0.0,6006,0.0
development,fan_brush_slow_02,fan,snn_phasemap,snn,as_is,0.1,12.635421947342804,8.364055080270873,inf,12.041269542242611,12.37789375653307,0.9835102436220168,nan,nan,0.0,6006,0.0
development,fan_brush_slow_02,fan,snn_phasemap,snn,removed,0.1,9.661117895585228,8.53460067006821,29.515,9.288349145787935,8.35361291774566,0.9835102436220168,nan,nan,0.0,6006,0.0
development,fan_brush_slow_02,fan,snn_phasemap,snn,as_is,0.2,13.593316059535866,9.430235330528813,inf,12.041269542242611,12.37789375653307,0.9835102436220168,nan,nan,0.0,6006,0.0
development,fan_brush_slow_02,fan,snn_phasemap,snn,removed,0.2,11.39870947528695,8.262857390198167,29.425,9.288349145787935,8.35361291774566,0.9835102436220168,nan,nan,0.0,6006,0.0
development,fan_brush_slow_02,fan,phasemap,snn,as_is,0.025,10.634283854126629,10.645016472535684,29.97,11.246480590209993,10.259885104068216,0.9988914347622353,nan,nan,5.9940059940061206,6006,0.0
development,fan_brush_slow_02,fan,phasemap,snn,removed,0.025,7.887647168562168,8.887653495258272,28.955000000000002,8.240351635233061,7.943950661141104,0.9988914347622353,nan,nan,5.9940059940061206,6006,0.0
development,fan_brush_slow_02,fan,phasemap,snn,as_is,0.05,11.09013878346379,9.876485455649076,29.975,11.246480590209993,10.259885104068216,0.9988914347622353,nan,nan,5.9940059940061206,6006,0.0
development,fan_brush_slow_02,fan,phasemap,snn,removed,0.05,8.4526071691628,8.70830387764094,28.925,8.240351635233061,7.943950661141104,0.9988914347622353,nan,nan,5.9940059940061206,6006,0.0
development,fan_brush_slow_02,fan,phasemap,snn,as_is,0.1,11.665534540062625,9.200767271345399,inf,11.246480590209993,10.259885104068216,0.9988914347622353,nan,nan,5.9940059940061206,6006,0.0
development,fan_brush_slow_02,fan,phasemap,snn,removed,0.1,9.07369204640323,8.328293776665877,28.835,8.240351635233061,7.943950661141104,0.9988914347622353,nan,nan,5.9940059940061206,6006,0.0
development,fan_brush_slow_02,fan,phasemap,snn,as_is,0.2,12.298173320019801,8.908577572658308,28.95,11.246480590209993,10.259885104068216,0.9988914347622353,nan,nan,5.9940059940061206,6006,0.0
development,fan_brush_slow_02,fan,phasemap,snn,removed,0.2,9.975348684204347,9.059715327741998,29.11,8.240351635233061,7.943950661141104,0.9988914347622353,nan,nan,5.9940059940061206,6006,0.0
development,fan_brush_slow_02,fan,kalman,snn,as_is,0.025,11.26593447829256,11.986750633277248,29.965,12.14339754455252,11.532594582943055,0.995575327618468,nan,nan,0.0,6006,0.0
development,fan_brush_slow_02,fan,kalman,snn,removed,0.025,8.974122151271516,9.73720253855294,29.615000000000002,9.644951573907584,8.06744815796282,0.995575327618468,nan,nan,0.0,6006,0.0
development,fan_brush_slow_02,fan,kalman,snn,as_is,0.05,12.576291807433094,11.89523033959575,29.965,12.14339754455252,11.532594582943055,0.995575327618468,nan,nan,0.0,6006,0.0
development,fan_brush_slow_02,fan,kalman,snn,removed,0.05,10.627963611408305,10.536154549418624,29.685000000000002,9.644951573907584,8.06744815796282,0.995575327618468,nan,nan,0.0,6006,0.0
development,fan_brush_slow_02,fan,kalman,snn,as_is,0.1,14.731080359848239,11.227621405154482,inf,12.14339754455252,11.532594582943055,0.995575327618468,nan,nan,0.0,6006,0.0
development,fan_brush_slow_02,fan,kalman,snn,removed,0.1,12.900308524902432,10.592298854815617,inf,9.644951573907584,8.06744815796282,0.995575327618468,nan,nan,0.0,6006,0.0
development,fan_brush_slow_02,fan,kalman,snn,as_is,0.2,15.374625960637534,10.847165322137384,inf,12.14339754455252,11.532594582943055,0.995575327618468,nan,nan,0.0,6006,0.0
development,fan_brush_slow_02,fan,kalman,snn,removed,0.2,13.09761844938938,8.444883166409308,inf,9.644951573907584,8.06744815796282,0.995575327618468,nan,nan,0.0,6006,0.0
development,fan_brush_slow_02,fan,harmonic,snn,as_is,0.025,11.329606424661804,9.531623177302457,inf,11.325360135072048,10.286954656970199,0.995575327618468,nan,nan,0.0,6006,0.0
development,fan_brush_slow_02,fan,harmonic,snn,removed,0.025,8.753004698043457,8.376530289331193,28.445,8.254230272682445,6.66793563396335,0.995575327618468,nan,nan,0.0,6006,0.0
development,fan_brush_slow_02,fan,harmonic,snn,as_is,0.05,11.391778328890357,9.479331253559593,inf,11.325360135072048,10.286954656970199,0.995575327618468,nan,nan,0.0,6006,0.0
development,fan_brush_slow_02,fan,harmonic,snn,removed,0.05,8.83988653558076,8.478165124564775,28.43,8.254230272682445,6.66793563396335,0.995575327618468,nan,nan,0.0,6006,0.0
development,fan_brush_slow_02,fan,harmonic,snn,as_is,0.1,11.488236572327743,9.625676963756792,inf,11.325360135072048,10.286954656970199,0.995575327618468,nan,nan,0.0,6006,0.0
development,fan_brush_slow_02,fan,harmonic,snn,removed,0.1,9.030062765443564,8.648688530499303,28.400000000000002,8.254230272682445,6.66793563396335,0.995575327618468,nan,nan,0.0,6006,0.0
development,fan_brush_slow_02,fan,harmonic,snn,as_is,0.2,11.505923616997077,9.68064881655544,inf,11.325360135072048,10.286954656970199,0.995575327618468,nan,nan,0.0,6006,0.0
development,fan_brush_slow_02,fan,harmonic,snn,removed,0.2,9.10176931718335,8.769829804376585,29.825,8.254230272682445,6.66793563396335,0.995575327618468,nan,nan,0.0,6006,0.0
development,fan_brush_slow_02,fan,constant_velocity,snn,as_is,0.025,11.867545859336094,12.765988877819654,29.97,nan,nan,nan,nan,nan,0.0,6006,0.0
development,fan_brush_slow_02,fan,constant_velocity,snn,removed,0.025,10.449279890196777,10.864265249934448,29.64,nan,nan,nan,nan,nan,0.0,6006,0.0
development,fan_brush_slow_02,fan,constant_velocity,snn,as_is,0.05,14.475457561198674,13.905920147086114,29.97,nan,nan,nan,nan,nan,0.0,6006,0.0
development,fan_brush_slow_02,fan,constant_velocity,snn,removed,0.05,13.146741531129138,12.772674361257657,29.91,nan,nan,nan,nan,nan,0.0,6006,0.0
development,fan_brush_slow_02,fan,constant_velocity,snn,as_is,0.1,20.398913387403248,17.745569542158478,inf,nan,nan,nan,nan,nan,0.0,6006,0.0
development,fan_brush_slow_02,fan,constant_velocity,snn,removed,0.1,19.2911323585784,16.942797829804412,inf,nan,nan,nan,nan,nan,0.0,6006,0.0
development,fan_brush_slow_02,fan,constant_velocity,snn,as_is,0.2,33.58114531251849,29.807817565819732,29.795,nan,nan,nan,nan,nan,0.0,6006,0.0
development,fan_brush_slow_02,fan,constant_velocity,snn,removed,0.2,33.055984725177964,30.110779796884707,29.810000000000002,nan,nan,nan,nan,nan,0.0,6006,0.0
development,fan_brush_slow_02,fan,snn_two_layer,snn,as_is,0.025,11.993651349762743,13.5354258351392,29.97,69.12088110975193,76.4909835162814,2.692258812553077,nan,nan,0.0,6006,0.0
development,fan_brush_slow_02,fan,snn_two_layer,snn,removed,0.025,9.619810777536884,11.26543673373754,29.635,68.97875391485721,70.66592110289461,2.692258812553077,nan,nan,0.0,6006,0.0
development,fan_brush_slow_02,fan,snn_two_layer,snn,as_is,0.05,13.179566600521552,13.9603032640563,29.975,69.12088110975193,76.4909835162814,2.692258812553077,nan,nan,0.0,6006,0.0
development,fan_brush_slow_02,fan,snn_two_layer,snn,removed,0.05,11.387001702380221,11.887242291057769,29.955000000000002,68.97875391485721,70.66592110289461,2.692258812553077,nan,nan,0.0,6006,0.0
development,fan_brush_slow_02,fan,snn_two_layer,snn,as_is,0.1,17.149464382562023,16.075587765505695,inf,69.12088110975193,76.4909835162814,2.692258812553077,nan,nan,0.0,6006,0.0
development,fan_brush_slow_02,fan,snn_two_layer,snn,removed,0.1,15.748230022194079,14.273352502287217,inf,68.97875391485721,70.66592110289461,2.692258812553077,nan,nan,0.0,6006,0.0
development,fan_brush_slow_02,fan,snn_two_layer,snn,as_is,0.2,24.133404140097717,21.849150389075596,29.795,69.12088110975193,76.4909835162814,2.692258812553077,nan,nan,0.0,6006,0.0
development,fan_brush_slow_02,fan,snn_two_layer,snn,removed,0.2,23.71261076388815,21.384702125923802,29.79,68.97875391485721,70.66592110289461,2.692258812553077,nan,nan,0.0,6006,0.0
development,fan_brush_slow_02,fan,snn_lmu,snn,as_is,0.025,13.074971900863853,11.239597400887455,29.97,29.93588154057251,39.744994852097776,1.6452202906755709,nan,nan,0.0,6006,0.0
development,fan_brush_slow_02,fan,snn_lmu,snn,removed,0.025,11.263179920546422,9.045735076975978,29.955000000000002,27.978405204480758,34.90528897884259,1.6452202906755709,nan,nan,0.0,6006,0.0
development,fan_brush_slow_02,fan,snn_lmu,snn,as_is,0.05,15.442218810504674,10.18444236370213,inf,29.93588154057251,39.744994852097776,1.6452202906755709,nan,nan,0.0,6006,0.0
development,fan_brush_slow_02,fan,snn_lmu,snn,removed,0.05,14.272980870201753,8.390053159010101,29.97,27.978405204480758,34.90528897884259,1.6452202906755709,nan,nan,0.0,6006,0.0
development,fan_brush_slow_02,fan,snn_lmu,snn,as_is,0.1,19.210425614050962,11.50462260583048,inf,29.93588154057251,39.744994852097776,1.6452202906755709,nan,nan,0.0,6006,0.0
development,fan_brush_slow_02,fan,snn_lmu,snn,removed,0.1,18.06634981164269,8.718031656133974,inf,27.978405204480758,34.90528897884259,1.6452202906755709,nan,nan,0.0,6006,0.0
development,fan_brush_slow_02,fan,snn_lmu,snn,as_is,0.2,30.106037760957346,19.04502145778476,inf,29.93588154057251,39.744994852097776,1.6452202906755709,nan,nan,0.0,6006,0.0
development,fan_brush_slow_02,fan,snn_lmu,snn,removed,0.2,28.41007792651206,14.600300678944325,inf,27.978405204480758,34.90528897884259,1.6452202906755709,nan,nan,0.0,6006,0.0
development,loop_01,wall_target,snn_phasemap,centroid,as_is,0.025,17.700111849516006,19.221118646246225,inf,21.03390197622462,20.754674655083452,0.9598051679451274,nan,nan,0.0,5006,0.0
development,loop_01,wall_target,snn_phasemap,centroid,removed,0.025,14.466192250479335,17.290737852464215,inf,16.587868877402393,11.646772529520383,0.9598051679451274,nan,nan,0.0,5006,0.0
development,loop_01,wall_target,snn_phasemap,centroid,as_is,0.05,18.84356567084884,18.81657393309721,inf,21.03390197622462,20.754674655083452,0.9598051679451274,nan,nan,0.0,5006,0.0
development,loop_01,wall_target,snn_phasemap,centroid,removed,0.05,15.358825997162986,17.722132822460956,inf,16.587868877402393,11.646772529520383,0.9598051679451274,nan,nan,0.0,5006,0.0
development,loop_01,wall_target,snn_phasemap,centroid,as_is,0.1,21.415887895542333,18.854438575876742,inf,21.03390197622462,20.754674655083452,0.9598051679451274,nan,nan,0.0,5006,0.0
development,loop_01,wall_target,snn_phasemap,centroid,removed,0.1,17.669716172032768,18.087884135209826,inf,16.587868877402393,11.646772529520383,0.9598051679451274,nan,nan,0.0,5006,0.0
development,loop_01,wall_target,snn_phasemap,centroid,as_is,0.2,24.917657834957918,19.8320469488873,inf,21.03390197622462,20.754674655083452,0.9598051679451274,nan,nan,0.0,5006,0.0
development,loop_01,wall_target,snn_phasemap,centroid,removed,0.2,22.13728446309489,19.565908018439156,inf,16.587868877402393,11.646772529520383,0.9598051679451274,nan,nan,0.0,5006,0.0
development,loop_01,wall_target,phasemap,centroid,as_is,0.025,17.89446530327115,17.20519491187578,inf,20.043872426055692,18.08204472609486,1.0054493007896776,nan,nan,23.971234518578218,5006,0.0
development,loop_01,wall_target,phasemap,centroid,removed,0.025,15.032976287099876,15.769282426814417,inf,15.160851458091056,9.876062085266902,1.0054493007896776,nan,nan,23.971234518578218,5006,0.0
development,loop_01,wall_target,phasemap,centroid,as_is,0.05,19.81133497212825,16.970968568575366,inf,20.043872426055692,18.08204472609486,1.0054493007896776,nan,nan,23.971234518578218,5006,0.0
development,loop_01,wall_target,phasemap,centroid,removed,0.05,16.480373146968482,16.44499312990636,inf,15.160851458091056,9.876062085266902,1.0054493007896776,nan,nan,23.971234518578218,5006,0.0
development,loop_01,wall_target,phasemap,centroid,as_is,0.1,22.03371047606659,18.808081944314726,inf,20.043872426055692,18.08204472609486,1.0054493007896776,nan,nan,23.971234518578218,5006,0.0
development,loop_01,wall_target,phasemap,centroid,removed,0.1,18.065503546648422,17.613591511473725,inf,15.160851458091056,9.876062085266902,1.0054493007896776,nan,nan,23.971234518578218,5006,0.0
development,loop_01,wall_target,phasemap,centroid,as_is,0.2,23.933377556309523,18.92009255201574,inf,20.043872426055692,18.08204472609486,1.0054493007896776,nan,nan,23.971234518578218,5006,0.0
development,loop_01,wall_target,phasemap,centroid,removed,0.2,19.2391891441395,17.56743240919385,inf,15.160851458091056,9.876062085266902,1.0054493007896776,nan,nan,23.971234518578218,5006,0.0
development,loop_01,wall_target,kalman,centroid,as_is,0.025,18.042748696616584,22.774920489036035,inf,25.752758121638482,27.369847914736454,1.0027303370786351,nan,nan,71.91370355573464,5006,0.0
development,loop_01,wall_target,kalman,centroid,removed,0.025,16.37630690711705,20.87315915139677,inf,21.774819917412223,21.511885358180386,1.0027303370786351,nan,nan,71.91370355573464,5006,0.0
development,loop_01,wall_target,kalman,centroid,as_is,0.05,19.62678351975457,25.156986446826206,inf,25.752758121638482,27.369847914736454,1.0027303370786351,nan,nan,71.91370355573464,5006,0.0
development,loop_01,wall_target,kalman,centroid,removed,0.05,19.187871785039963,22.69643562135684,inf,21.774819917412223,21.511885358180386,1.0027303370786351,nan,nan,71.91370355573464,5006,0.0
development,loop_01,wall_target,kalman,centroid,as_is,0.1,24.696552579736057,28.555891122023965,inf,25.752758121638482,27.369847914736454,1.0027303370786351,nan,nan,71.91370355573464,5006,0.0
development,loop_01,wall_target,kalman,centroid,removed,0.1,23.910106730244088,27.30099882154314,24.845,21.774819917412223,21.511885358180386,1.0027303370786351,nan,nan,71.91370355573464,5006,0.0
development,loop_01,wall_target,kalman,centroid,as_is,0.2,32.52972207730666,29.987687819331803,inf,25.752758121638482,27.369847914736454,1.0027303370786351,nan,nan,71.91370355573464,5006,0.0
development,loop_01,wall_target,kalman,centroid,removed,0.2,28.888673760070137,30.601403258357287,inf,21.774819917412223,21.511885358180386,1.0027303370786351,nan,nan,71.91370355573464,5006,0.0
development,loop_01,wall_target,harmonic,centroid,as_is,0.025,27.34774631497647,16.201605893623775,inf,22.434441439882924,22.437242397268278,1.0027303370786351,nan,nan,0.0,5006,0.0
development,loop_01,wall_target,harmonic,centroid,removed,0.025,23.41645564598947,15.873425295718215,inf,17.245589287298404,14.417067333520848,1.0027303370786351,nan,nan,0.0,5006,0.0
development,loop_01,wall_target,harmonic,centroid,as_is,0.05,28.022100368596753,15.826045340271502,inf,22.434441439882924,22.437242397268278,1.0027303370786351,nan,nan,0.0,5006,0.0
development,loop_01,wall_target,harmonic,centroid,removed,0.05,24.11210241300565,15.812951538470415,inf,17.245589287298404,14.417067333520848,1.0027303370786351,nan,nan,0.0,5006,0.0
development,loop_01,wall_target,harmonic,centroid,as_is,0.1,29.367203542304303,15.473994287699107,inf,22.434441439882924,22.437242397268278,1.0027303370786351,nan,nan,0.0,5006,0.0
development,loop_01,wall_target,harmonic,centroid,removed,0.1,25.149841622206736,15.696137640853298,inf,17.245589287298404,14.417067333520848,1.0027303370786351,nan,nan,0.0,5006,0.0
development,loop_01,wall_target,harmonic,centroid,as_is,0.2,30.951861271791035,15.298950505194949,inf,22.434441439882924,22.437242397268278,1.0027303370786351,nan,nan,0.0,5006,0.0
development,loop_01,wall_target,harmonic,centroid,removed,0.2,26.055852399696146,15.69374894696982,inf,17.245589287298404,14.417067333520848,1.0027303370786351,nan,nan,0.0,5006,0.0
development,loop_01,wall_target,constant_velocity,centroid,as_is,0.025,19.172695882754255,27.950388295052008,inf,nan,nan,nan,nan,nan,0.0,5006,0.0
development,loop_01,wall_target,constant_velocity,centroid,removed,0.025,18.41643877844751,24.18285656428703,inf,nan,nan,nan,nan,nan,0.0,5006,0.0
development,loop_01,wall_target,constant_velocity,centroid,as_is,0.05,22.431532680892225,32.972063099302616,inf,nan,nan,nan,nan,nan,0.0,5006,0.0
development,loop_01,wall_target,constant_velocity,centroid,removed,0.05,22.136810390239972,28.728140864785146,inf,nan,nan,nan,nan,nan,0.0,5006,0.0
development,loop_01,wall_target,constant_velocity,centroid,as_is,0.1,29.465360281509682,43.82950699806283,24.905,nan,nan,nan,nan,nan,0.0,5006,0.0
development,loop_01,wall_target,constant_velocity,centroid,removed,0.1,29.65260140549023,40.03890558320964,24.92,nan,nan,nan,nan,nan,0.0,5006,0.0
development,loop_01,wall_target,constant_velocity,centroid,as_is,0.2,47.47352812097262,71.40546217842852,inf,nan,nan,nan,nan,nan,0.0,5006,0.0
development,loop_01,wall_target,constant_velocity,centroid,removed,0.2,47.26079438779351,70.21464356817432,inf,nan,nan,nan,nan,nan,0.0,5006,0.0
development,loop_01,wall_target,snn_two_layer,centroid,as_is,0.025,19.409826894166862,19.82338048917434,inf,44.33928429974358,38.81787246971116,1.3536625665957551,nan,nan,0.0,5006,0.0
development,loop_01,wall_target,snn_two_layer,centroid,removed,0.025,16.11250695959876,18.422060396975297,inf,35.99743479940419,30.746333111933822,1.3536625665957551,nan,nan,0.0,5006,0.0
development,loop_01,wall_target,snn_two_layer,centroid,as_is,0.05,22.155244888719622,21.057282041420777,inf,44.33928429974358,38.81787246971116,1.3536625665957551,nan,nan,0.0,5006,0.0
development,loop_01,wall_target,snn_two_layer,centroid,removed,0.05,18.668161250947307,19.961099970901692,inf,35.99743479940419,30.746333111933822,1.3536625665957551,nan,nan,0.0,5006,0.0
development,loop_01,wall_target,snn_two_layer,centroid,as_is,0.1,28.03412456920541,22.333945279702505,inf,44.33928429974358,38.81787246971116,1.3536625665957551,nan,nan,0.0,5006,0.0
development,loop_01,wall_target,snn_two_layer,centroid,removed,0.1,24.05525000712013,21.836800284951195,inf,35.99743479940419,30.746333111933822,1.3536625665957551,nan,nan,0.0,5006,0.0
development,loop_01,wall_target,snn_two_layer,centroid,as_is,0.2,41.52736946459749,26.835401402391277,inf,44.33928429974358,38.81787246971116,1.3536625665957551,nan,nan,0.0,5006,0.0
development,loop_01,wall_target,snn_two_layer,centroid,removed,0.2,35.9935741083507,28.382554985915682,inf,35.99743479940419,30.746333111933822,1.3536625665957551,nan,nan,0.0,5006,0.0
development,loop_01,wall_target,snn_lmu,centroid,as_is,0.025,20.109591900811353,20.34730492536617,inf,37.582117975104836,46.45138751106045,1.1355930354150556,nan,nan,0.0,5006,0.0
development,loop_01,wall_target,snn_lmu,centroid,removed,0.025,16.785822087075694,20.273114092733522,inf,31.562641477356834,40.26196459807788,1.1355930354150556,nan,nan,0.0,5006,0.0
development,loop_01,wall_target,snn_lmu,centroid,as_is,0.05,22.155146392626907,19.261489959100945,inf,37.582117975104836,46.45138751106045,1.1355930354150556,nan,nan,0.0,5006,0.0
development,loop_01,wall_target,snn_lmu,centroid,removed,0.05,19.84053836215797,20.068239428592886,inf,31.562641477356834,40.26196459807788,1.1355930354150556,nan,nan,0.0,5006,0.0
development,loop_01,wall_target,snn_lmu,centroid,as_is,0.1,26.95398921948756,20.70699252635924,inf,37.582117975104836,46.45138751106045,1.1355930354150556,nan,nan,0.0,5006,0.0
development,loop_01,wall_target,snn_lmu,centroid,removed,0.1,24.740759783635532,20.33056957002022,inf,31.562641477356834,40.26196459807788,1.1355930354150556,nan,nan,0.0,5006,0.0
development,loop_01,wall_target,snn_lmu,centroid,as_is,0.2,37.24769787491975,22.548281470841204,inf,37.582117975104836,46.45138751106045,1.1355930354150556,nan,nan,0.0,5006,0.0
development,loop_01,wall_target,snn_lmu,centroid,removed,0.2,34.911377605672726,20.792174354417302,inf,31.562641477356834,40.26196459807788,1.1355930354150556,nan,nan,0.0,5006,0.0
development,loop_01,wall_target,snn_phasemap,snn,as_is,0.025,17.41012776586434,18.214443359244235,inf,28.969319022764722,30.799328154903,0.9850839513054932,nan,nan,9.588493807431286,5006,0.0
development,loop_01,wall_target,snn_phasemap,snn,removed,0.025,16.676525253033297,17.313898543795617,inf,27.607765357255104,34.53559821129215,0.9850839513054932,nan,nan,9.588493807431286,5006,0.0
development,loop_01,wall_target,snn_phasemap,snn,as_is,0.05,18.737061652084776,19.54417523578508,inf,28.969319022764722,30.799328154903,0.9850839513054932,nan,nan,9.588493807431286,5006,0.0
development,loop_01,wall_target,snn_phasemap,snn,removed,0.05,17.90483158977188,18.511756548494194,inf,27.607765357255104,34.53559821129215,0.9850839513054932,nan,nan,9.588493807431286,5006,0.0
development,loop_01,wall_target,snn_phasemap,snn,as_is,0.1,21.60896155653014,22.376603627455818,24.92,28.969319022764722,30.799328154903,0.9850839513054932,nan,nan,9.588493807431286,5006,0.0
development,loop_01,wall_target,snn_phasemap,snn,removed,0.1,20.57416438782252,22.41170662074562,24.92,27.607765357255104,34.53559821129215,0.9850839513054932,nan,nan,9.588493807431286,5006,0.0
development,loop_01,wall_target,snn_phasemap,snn,as_is,0.2,28.193957163284928,29.66989652321929,inf,28.969319022764722,30.799328154903,0.9850839513054932,nan,nan,9.588493807431286,5006,0.0
development,loop_01,wall_target,snn_phasemap,snn,removed,0.2,27.339567538573036,29.557944617811728,inf,27.607765357255104,34.53559821129215,0.9850839513054932,nan,nan,9.588493807431286,5006,0.0
development,loop_01,wall_target,phasemap,snn,as_is,0.025,19.811627991302004,20.575192381161827,inf,24.94009574623314,14.378811011865984,0.9779992244812232,nan,nan,28.76548142229386,5006,0.0
development,loop_01,wall_target,phasemap,snn,removed,0.025,19.556345270842538,20.448363413547817,inf,23.01974026147952,15.549449770061592,0.9779992244812232,nan,nan,28.76548142229386,5006,0.0
development,loop_01,wall_target,phasemap,snn,as_is,0.05,22.356630923239027,22.181944712753435,inf,24.94009574623314,14.378811011865984,0.9779992244812232,nan,nan,28.76548142229386,5006,0.0
development,loop_01,wall_target,phasemap,snn,removed,0.05,22.46119021950137,22.13905880676497,inf,23.01974026147952,15.549449770061592,0.9779992244812232,nan,nan,28.76548142229386,5006,0.0
development,loop_01,wall_target,phasemap,snn,as_is,0.1,28.120460813837237,26.93098609568205,inf,24.94009574623314,14.378811011865984,0.9779992244812232,nan,nan,28.76548142229386,5006,0.0
development,loop_01,wall_target,phasemap,snn,removed,0.1,28.053463835211524,26.072490837498382,inf,23.01974026147952,15.549449770061592,0.9779992244812232,nan,nan,28.76548142229386,5006,0.0
development,loop_01,wall_target,phasemap,snn,as_is,0.2,32.80248481216904,34.19907466958797,inf,24.94009574623314,14.378811011865984,0.9779992244812232,nan,nan,28.76548142229386,5006,0.0
development,loop_01,wall_target,phasemap,snn,removed,0.2,32.66929018403937,33.28574076312303,inf,23.01974026147952,15.549449770061592,0.9779992244812232,nan,nan,28.76548142229386,5006,0.0
development,loop_01,wall_target,kalman,snn,as_is,0.025,18.074353811392786,18.79711869905246,24.96,20.39159249780726,17.437235315807875,1.0079574283231805,nan,nan,71.91370355573464,5006,0.0
development,loop_01,wall_target,kalman,snn,removed,0.025,17.90491599030006,18.256631770836236,24.965,20.206784723518226,19.527954668371933,1.0079574283231805,nan,nan,71.91370355573464,5006,0.0
development,loop_01,wall_target,kalman,snn,as_is,0.05,20.421797570969822,21.290432843916975,24.965,20.39159249780726,17.437235315807875,1.0079574283231805,nan,nan,71.91370355573464,5006,0.0
development,loop_01,wall_target,kalman,snn,removed,0.05,20.187338434852034,20.692189371104412,inf,20.206784723518226,19.527954668371933,1.0079574283231805,nan,nan,71.91370355573464,5006,0.0
development,loop_01,wall_target,kalman,snn,as_is,0.1,24.079127934942143,25.916838265765154,inf,20.39159249780726,17.437235315807875,1.0079574283231805,nan,nan,71.91370355573464,5006,0.0
development,loop_01,wall_target,kalman,snn,removed,0.1,24.170351360734458,25.364201221287743,inf,20.206784723518226,19.527954668371933,1.0079574283231805,nan,nan,71.91370355573464,5006,0.0
development,loop_01,wall_target,kalman,snn,as_is,0.2,26.55543133467711,28.065365173596092,inf,20.39159249780726,17.437235315807875,1.0079574283231805,nan,nan,71.91370355573464,5006,0.0
development,loop_01,wall_target,kalman,snn,removed,0.2,26.57011437954335,28.34906874021619,inf,20.206784723518226,19.527954668371933,1.0079574283231805,nan,nan,71.91370355573464,5006,0.0
development,loop_01,wall_target,harmonic,snn,as_is,0.025,19.200021672588022,19.429336357022784,inf,16.227743091862152,15.379885212737832,1.0079574283231805,nan,nan,0.0,5006,0.0
development,loop_01,wall_target,harmonic,snn,removed,0.025,20.572513032881172,20.765906667694566,inf,15.868013738026406,14.244065627666627,1.0079574283231805,nan,nan,0.0,5006,0.0
development,loop_01,wall_target,harmonic,snn,as_is,0.05,19.642728187800607,20.51613038273483,inf,16.227743091862152,15.379885212737832,1.0079574283231805,nan,nan,0.0,5006,0.0
development,loop_01,wall_target,harmonic,snn,removed,0.05,21.2593980688318,21.11043102232317,inf,15.868013738026406,14.244065627666627,1.0079574283231805,nan,nan,0.0,5006,0.0
development,loop_01,wall_target,harmonic,snn,as_is,0.1,21.40883526580977,22.574106118597292,inf,16.227743091862152,15.379885212737832,1.0079574283231805,nan,nan,0.0,5006,0.0
development,loop_01,wall_target,harmonic,snn,removed,0.1,22.388535425503996,21.813680250221914,inf,15.868013738026406,14.244065627666627,1.0079574283231805,nan,nan,0.0,5006,0.0
development,loop_01,wall_target,harmonic,snn,as_is,0.2,23.31319827974892,23.788070215385456,inf,16.227743091862152,15.379885212737832,1.0079574283231805,nan,nan,0.0,5006,0.0
development,loop_01,wall_target,harmonic,snn,removed,0.2,23.564739341733716,22.64478785199498,inf,15.868013738026406,14.244065627666627,1.0079574283231805,nan,nan,0.0,5006,0.0
development,loop_01,wall_target,constant_velocity,snn,as_is,0.025,21.508492992443504,23.503362517868418,inf,nan,nan,nan,nan,nan,0.0,5006,0.0
development,loop_01,wall_target,constant_velocity,snn,removed,0.025,21.04699264771584,24.346861729601883,inf,nan,nan,nan,nan,nan,0.0,5006,0.0
development,loop_01,wall_target,constant_velocity,snn,as_is,0.05,26.088620476605072,30.108287766580446,inf,nan,nan,nan,nan,nan,0.0,5006,0.0
development,loop_01,wall_target,constant_velocity,snn,removed,0.05,25.62322189493112,30.456247535609386,inf,nan,nan,nan,nan,nan,0.0,5006,0.0
development,loop_01,wall_target,constant_velocity,snn,as_is,0.1,36.359523900084305,42.290078808853394,inf,nan,nan,nan,nan,nan,0.0,5006,0.0
development,loop_01,wall_target,constant_velocity,snn,removed,0.1,35.75379518841297,41.68757991229046,inf,nan,nan,nan,nan,nan,0.0,5006,0.0
development,loop_01,wall_target,constant_velocity,snn,as_is,0.2,59.33865331730702,66.36618883889032,inf,nan,nan,nan,nan,nan,0.0,5006,0.0
development,loop_01,wall_target,constant_velocity,snn,removed,0.2,58.95277591498245,67.11055819858427,inf,nan,nan,nan,nan,nan,0.0,5006,0.0
development,loop_01,wall_target,snn_two_layer,snn,as_is,0.025,22.06725511350053,25.376685959177436,inf,47.45747048733136,44.087447827924066,1.3378838486537727,nan,nan,0.0,5006,0.0
development,loop_01,wall_target,snn_two_layer,snn,removed,0.025,22.398724221403064,25.052173335669735,inf,48.8584328310578,45.674976684888875,1.3378838486537727,nan,nan,0.0,5006,0.0
development,loop_01,wall_target,snn_two_layer,snn,as_is,0.05,25.813293480274783,32.031305072674925,inf,47.45747048733136,44.087447827924066,1.3378838486537727,nan,nan,0.0,5006,0.0
development,loop_01,wall_target,snn_two_layer,snn,removed,0.05,26.21139789003758,30.84528638335535,inf,48.8584328310578,45.674976684888875,1.3378838486537727,nan,nan,0.0,5006,0.0
development,loop_01,wall_target,snn_two_layer,snn,as_is,0.1,34.39880906264846,40.226299930343345,24.925,47.45747048733136,44.087447827924066,1.3378838486537727,nan,nan,0.0,5006,0.0
development,loop_01,wall_target,snn_two_layer,snn,removed,0.1,34.992615537393014,39.62303025179285,inf,48.8584328310578,45.674976684888875,1.3378838486537727,nan,nan,0.0,5006,0.0
development,loop_01,wall_target,snn_two_layer,snn,as_is,0.2,50.70805321897706,49.031932428599426,inf,47.45747048733136,44.087447827924066,1.3378838486537727,nan,nan,0.0,5006,0.0
development,loop_01,wall_target,snn_two_layer,snn,removed,0.2,52.0191782523755,48.60185251894274,inf,48.8584328310578,45.674976684888875,1.3378838486537727,nan,nan,0.0,5006,0.0
development,loop_01,wall_target,snn_lmu,snn,as_is,0.025,17.885011672476914,19.073392285390163,inf,33.692852294701126,41.17222872063949,1.1419896778582013,nan,nan,0.0,5006,0.0
development,loop_01,wall_target,snn_lmu,snn,removed,0.025,18.563806230900887,17.893353582738094,inf,32.99613182671238,39.51305289134613,1.1419896778582013,nan,nan,0.0,5006,0.0
development,loop_01,wall_target,snn_lmu,snn,as_is,0.05,20.729032544403484,20.848088550545224,24.915,33.692852294701126,41.17222872063949,1.1419896778582013,nan,nan,0.0,5006,0.0
development,loop_01,wall_target,snn_lmu,snn,removed,0.05,21.202699655483322,19.74569577651834,24.915,32.99613182671238,39.51305289134613,1.1419896778582013,nan,nan,0.0,5006,0.0
development,loop_01,wall_target,snn_lmu,snn,as_is,0.1,22.053917663604285,24.84164408193037,24.925,33.692852294701126,41.17222872063949,1.1419896778582013,nan,nan,0.0,5006,0.0
development,loop_01,wall_target,snn_lmu,snn,removed,0.1,23.693111338512406,21.84596554414395,24.925,32.99613182671238,39.51305289134613,1.1419896778582013,nan,nan,0.0,5006,0.0
development,loop_01,wall_target,snn_lmu,snn,as_is,0.2,29.826795779690933,31.990247221736396,inf,33.692852294701126,41.17222872063949,1.1419896778582013,nan,nan,0.0,5006,0.0
development,loop_01,wall_target,snn_lmu,snn,removed,0.2,31.35651219849025,29.166693255438982,inf,32.99613182671238,39.51305289134613,1.1419896778582013,nan,nan,0.0,5006,0.0
development,loop_break_01,wall_target,snn_phasemap,centroid,as_is,0.025,20.850963102969093,8.309931131677239,inf,38.71391134671515,41.80236699043816,0.4934097853939663,0.9654295992826974,0.32950000000000124,0.0,5004,0.0
development,loop_break_01,wall_target,snn_phasemap,centroid,removed,0.025,10.109237130687209,10.56074226117039,inf,26.197104702527284,26.834200176626435,0.4934097853939663,0.9654295992826974,0.32950000000000124,0.0,5004,0.0
development,loop_break_01,wall_target,snn_phasemap,centroid,as_is,0.05,21.52829923731575,11.247449992306134,inf,38.69358039089333,41.80236699043816,0.49247673722872676,0.9654295992826974,0.32950000000000124,0.0,5004,0.0
development,loop_break_01,wall_target,snn_phasemap,centroid,removed,0.05,11.11452057609791,13.465891202262917,inf,26.191784879427228,26.834200176626435,0.49247673722872676,0.9654295992826974,0.32950000000000124,0.0,5004,0.0
development,loop_break_01,wall_target,snn_phasemap,centroid,as_is,0.1,24.480630785030996,15.032737992787052,inf,38.64699540291592,41.80236699043816,0.49194209427598545,0.9654295992826974,0.32950000000000124,0.0,5004,0.0
development,loop_break_01,wall_target,snn_phasemap,centroid,removed,0.1,15.304608662568743,17.459888471246323,inf,26.087467693815995,26.834200176626435,0.49194209427598545,0.9654295992826974,0.32950000000000124,0.0,5004,0.0
development,loop_break_01,wall_target,snn_phasemap,centroid,as_is,0.2,30.534823786369312,21.315258361368656,inf,38.62424930809462,41.80236699043816,0.4914699624793023,0.9654295992826974,0.32950000000000124,0.0,5004,0.0
development,loop_break_01,wall_target,snn_phasemap,centroid,removed,0.2,23.189046734018113,23.96438250284458,inf,26.193604686771508,26.834200176626435,0.4914699624793023,0.9654295992826974,0.32950000000000124,0.0,5004,0.0
development,loop_break_01,wall_target,phasemap,centroid,as_is,0.025,19.990108804474076,4.880680531296495,inf,25.990143789219744,33.368614256722765,0.4977278130505678,0.9944511604643463,0.1595000000000013,0.0,5004,0.0
development,loop_break_01,wall_target,phasemap,centroid,removed,0.025,9.914550694110392,10.230711324836001,inf,15.514934858049422,19.83129720649486,0.4977278130505678,0.9944511604643463,0.1595000000000013,0.0,5004,0.0
development,loop_break_01,wall_target,phasemap,centroid,as_is,0.05,19.946146050895305,6.678769016563148,inf,25.980601052419587,33.368614256722765,0.49767942623352435,0.9944511604643463,0.1595000000000013,0.0,5004,0.0
development,loop_break_01,wall_target,phasemap,centroid,removed,0.05,11.551602776966122,10.396491794849357,inf,15.49105832695486,19.83129720649486,0.49767942623352435,0.9944511604643463,0.1595000000000013,0.0,5004,0.0
development,loop_break_01,wall_target,phasemap,centroid,as_is,0.1,20.896790291615435,9.58974553440341,inf,25.93602499793117,33.368614256722765,0.497478237633341,0.9944511604643463,0.1595000000000013,0.0,5004,0.0
development,loop_break_01,wall_target,phasemap,centroid,removed,0.1,13.436545938453726,14.21313345950539,inf,15.45968181769363,19.83129720649486,0.497478237633341,0.9944511604643463,0.1595000000000013,0.0,5004,0.0
development,loop_break_01,wall_target,phasemap,centroid,as_is,0.2,23.335440703731653,14.691231918691205,inf,25.820482348377592,33.368614256722765,0.4970266279272889,0.9944511604643463,0.1595000000000013,0.0,5004,0.0
development,loop_break_01,wall_target,phasemap,centroid,removed,0.2,19.06556375059653,16.389848850754206,inf,15.368933985307374,19.83129720649486,0.4970266279272889,0.9944511604643463,0.1595000000000013,0.0,5004,0.0
development,loop_break_01,wall_target,kalman,centroid,as_is,0.025,20.333347302414055,6.377967875679467,inf,31.54866714302881,38.224569296095275,1.0010249694429725,0.757302408805797,0.3695000000000004,39.86710963455234,5004,0.0
development,loop_break_01,wall_target,kalman,centroid,removed,0.025,8.903034669715183,9.253727017154247,inf,16.772490464936194,23.703125325529918,1.0010249694429725,0.757302408805797,0.3695000000000004,39.86710963455234,5004,0.0
development,loop_break_01,wall_target,kalman,centroid,as_is,0.05,20.697185428195088,6.557688925171991,inf,31.437305863288437,38.224569296095275,1.0010249694429725,0.757302408805797,0.3695000000000004,39.86710963455234,5004,0.0
development,loop_break_01,wall_target,kalman,centroid,removed,0.05,9.991626760691542,11.35330788471222,inf,16.762722986360913,23.703125325529918,1.0010249694429725,0.757302408805797,0.3695000000000004,39.86710963455234,5004,0.0
development,loop_break_01,wall_target,kalman,centroid,as_is,0.1,21.571076610435828,9.611246359491162,inf,31.267035027721278,38.224569296095275,1.0010249694429725,0.757302408805797,0.3695000000000004,39.86710963455234,5004,0.0
development,loop_break_01,wall_target,kalman,centroid,removed,0.1,12.279583336709644,15.618577601886656,inf,16.72012651274035,23.703125325529918,1.0010249694429725,0.757302408805797,0.3695000000000004,39.86710963455234,5004,0.0
development,loop_break_01,wall_target,kalman,centroid,as_is,0.2,22.0745721476267,15.347849171864148,inf,31.053865329212428,38.224569296095275,1.0010249694429725,0.757302408805797,0.3695000000000004,39.86710963455234,5004,0.0
development,loop_break_01,wall_target,kalman,centroid,removed,0.2,16.001823349694703,17.641522486541632,inf,16.692358050113363,23.703125325529918,1.0010249694429725,0.757302408805797,0.3695000000000004,39.86710963455234,5004,0.0
development,loop_break_01,wall_target,harmonic,centroid,as_is,0.025,18.695700704218293,12.477662654788448,inf,21.135215246225926,24.562044827527444,1.0010249694429725,0.7418382337160727,0.15450000000000053,0.0,5004,0.0
development,loop_break_01,wall_target,harmonic,centroid,removed,0.025,22.68725502918997,11.500425927810607,inf,8.763868217164429,10.168523738220482,1.0010249694429725,0.7418382337160727,0.15450000000000053,0.0,5004,0.0
development,loop_break_01,wall_target,harmonic,centroid,as_is,0.05,19.10477610662201,12.687081572070513,inf,20.949716108206037,24.562044827527444,1.0010249694429725,0.7418382337160727,0.15450000000000053,0.0,5004,0.0
development,loop_break_01,wall_target,harmonic,centroid,removed,0.05,23.47631866240606,11.956302425404363,inf,8.751223869637842,10.168523738220482,1.0010249694429725,0.7418382337160727,0.15450000000000053,0.0,5004,0.0
development,loop_break_01,wall_target,harmonic,centroid,as_is,0.1,19.37178884738083,12.507706806281204,inf,20.762697597126703,24.562044827527444,1.0010249694429725,0.7418382337160727,0.15450000000000053,0.0,5004,0.0
development,loop_break_01,wall_target,harmonic,centroid,removed,0.1,24.732225683576647,12.373684290392454,inf,8.733184163487257,10.168523738220482,1.0010249694429725,0.7418382337160727,0.15450000000000053,0.0,5004,0.0
development,loop_break_01,wall_target,harmonic,centroid,as_is,0.2,19.980508388994078,14.042917458238723,inf,20.647900008677432,24.562044827527444,1.0010249694429725,0.7418382337160727,0.15450000000000053,0.0,5004,0.0
development,loop_break_01,wall_target,harmonic,centroid,removed,0.2,26.81886891099373,13.735018143737133,inf,8.700157876058357,10.168523738220482,1.0010249694429725,0.7418382337160727,0.15450000000000053,0.0,5004,0.0
development,loop_break_01,wall_target,constant_velocity,centroid,as_is,0.025,21.07312023110321,7.589061521468416,inf,nan,nan,nan,0.32939972434374365,inf,0.0,5004,0.0
development,loop_break_01,wall_target,constant_velocity,centroid,removed,0.025,9.959282427773296,11.058347056020901,inf,nan,nan,nan,0.32939972434374365,inf,0.0,5004,0.0
development,loop_break_01,wall_target,constant_velocity,centroid,as_is,0.05,22.73816998468654,10.765266078854975,10.455,nan,nan,nan,0.32939972434374365,inf,0.0,5004,0.0
development,loop_break_01,wall_target,constant_velocity,centroid,removed,0.05,11.998648471657472,14.11865346158946,inf,nan,nan,nan,0.32939972434374365,inf,0.0,5004,0.0
development,loop_break_01,wall_target,constant_velocity,centroid,as_is,0.1,26.93936434076679,17.678231500772604,inf,nan,nan,nan,0.32939972434374365,inf,0.0,5004,0.0
development,loop_break_01,wall_target,constant_velocity,centroid,removed,0.1,17.85694634168662,23.4861045738228,inf,nan,nan,nan,0.32939972434374365,inf,0.0,5004,0.0
development,loop_break_01,wall_target,constant_velocity,centroid,as_is,0.2,51.65729402493739,42.163021458381095,inf,nan,nan,nan,0.32939972434374365,inf,0.0,5004,0.0
development,loop_break_01,wall_target,constant_velocity,centroid,removed,0.2,47.49126695482721,46.71809151557483,inf,nan,nan,nan,0.32939972434374365,inf,0.0,5004,0.0
development,loop_break_01,wall_target,snn_two_layer,centroid,as_is,0.025,20.373469391068774,7.473699576836566,inf,74.29505726474643,74.37235981511728,1.0738611577128718,0.39706181820088177,inf,0.0,5004,0.0
development,loop_break_01,wall_target,snn_two_layer,centroid,removed,0.025,9.700374123988066,9.714058777777282,inf,63.76791636259,68.51828633544724,1.0738611577128718,0.39706181820088177,inf,0.0,5004,0.0
development,loop_break_01,wall_target,snn_two_layer,centroid,as_is,0.05,21.013589515217166,9.134238515661842,inf,74.28755715270964,74.37235981511728,1.0738594727393125,0.39706181820088177,inf,0.0,5004,0.0
development,loop_break_01,wall_target,snn_two_layer,centroid,removed,0.05,11.53339213926039,10.904925183437241,inf,63.71372458341392,68.51828633544724,1.0738594727393125,0.39706181820088177,inf,0.0,5004,0.0
development,loop_break_01,wall_target,snn_two_layer,centroid,as_is,0.1,23.44223217969653,14.098597768068263,inf,74.24890447814875,74.37235981511728,1.0730030976926577,0.39706181820088177,inf,0.0,5004,0.0
development,loop_break_01,wall_target,snn_two_layer,centroid,removed,0.1,17.556859515440642,16.85510013942525,inf,63.67943917818323,68.51828633544724,1.0730030976926577,0.39706181820088177,inf,0.0,5004,0.0
development,loop_break_01,wall_target,snn_two_layer,centroid,as_is,0.2,35.4042167552508,25.96916864067024,inf,74.120948477604,74.37235981511728,1.071948833989898,0.39706181820088177,inf,0.0,5004,0.0
development,loop_break_01,wall_target,snn_two_layer,centroid,removed,0.2,32.591381935022305,27.262483729514997,inf,63.74162285836475,68.51828633544724,1.071948833989898,0.39706181820088177,inf,0.0,5004,0.0
development,loop_break_01,wall_target,snn_lmu,centroid,as_is,0.025,23.082131638901664,10.265691246324522,10.365,66.86300511799203,65.56045555964732,0.8741944614727745,0.27039968518895624,inf,0.0,5004,0.0
development,loop_break_01,wall_target,snn_lmu,centroid,removed,0.025,14.942152447781535,12.963457340659609,inf,64.3545659879358,60.035555299010426,0.8741944614727745,0.27039968518895624,inf,0.0,5004,0.0
development,loop_break_01,wall_target,snn_lmu,centroid,as_is,0.05,26.7513405428278,14.030711155306744,inf,66.90871385629416,65.56045555964732,0.8746057450116679,0.27039968518895624,inf,0.0,5004,0.0
development,loop_break_01,wall_target,snn_lmu,centroid,removed,0.05,20.410639892726387,15.324888516602423,inf,64.38103884105314,60.035555299010426,0.8746057450116679,0.27039968518895624,inf,0.0,5004,0.0
development,loop_break_01,wall_target,snn_lmu,centroid,as_is,0.1,33.40780867474993,23.616069604058882,inf,66.9405484631256,65.56045555964732,0.8755468410567933,0.27039968518895624,inf,0.0,5004,0.0
development,loop_break_01,wall_target,snn_lmu,centroid,removed,0.1,32.403727700458354,24.946862940426385,inf,64.51460751070258,60.035555299010426,0.8755468410567933,0.27039968518895624,inf,0.0,5004,0.0
development,loop_break_01,wall_target,snn_lmu,centroid,as_is,0.2,56.66848887644095,47.06131876163226,inf,67.01052130122682,65.56045555964732,0.877335555561106,0.27039968518895624,inf,0.0,5004,0.0
development,loop_break_01,wall_target,snn_lmu,centroid,removed,0.2,56.311463699226046,44.808413172567015,inf,64.65209260721133,60.035555299010426,0.877335555561106,0.27039968518895624,inf,0.0,5004,0.0
development,loop_break_01,wall_target,snn_phasemap,snn,as_is,0.025,19.598682590556727,16.44606860615852,inf,31.79890198251214,39.10765182165589,0.4803545514293703,0.7040330577808345,0.5045000000000002,0.0,5004,0.0
development,loop_break_01,wall_target,snn_phasemap,snn,removed,0.025,16.619292347336028,15.476685277720435,inf,26.06686473720447,30.678918697221537,0.4803545514293703,0.7040330577808345,0.5045000000000002,0.0,5004,0.0
development,loop_break_01,wall_target,snn_phasemap,snn,as_is,0.05,20.009639021858504,16.1325337649515,inf,31.691213600410553,39.10765182165589,0.4801069230165476,0.7040330577808345,0.5045000000000002,0.0,5004,0.0
development,loop_break_01,wall_target,snn_phasemap,snn,removed,0.05,16.7317825937399,17.16126940231819,inf,26.05907262204343,30.678918697221537,0.4801069230165476,0.7040330577808345,0.5045000000000002,0.0,5004,0.0
development,loop_break_01,wall_target,snn_phasemap,snn,as_is,0.1,20.467184978415332,18.98773314627322,inf,31.65242204426733,39.10765182165589,0.47984862320994115,0.7040330577808345,0.5045000000000002,0.0,5004,0.0
development,loop_break_01,wall_target,snn_phasemap,snn,removed,0.1,18.40049373922,19.11396386957288,inf,26.04931352417779,30.678918697221537,0.47984862320994115,0.7040330577808345,0.5045000000000002,0.0,5004,0.0
development,loop_break_01,wall_target,snn_phasemap,snn,as_is,0.2,24.51609036995135,21.256581980696808,inf,31.540792822267054,39.10765182165589,0.4791340862518889,0.7040330577808345,0.5045000000000002,0.0,5004,0.0
development,loop_break_01,wall_target,snn_phasemap,snn,removed,0.2,24.544135695111024,23.575563299732416,inf,26.042438261048794,30.678918697221537,0.4791340862518889,0.7040330577808345,0.5045000000000002,0.0,5004,0.0
development,loop_break_01,wall_target,phasemap,snn,as_is,0.025,17.413989622981056,13.520078871541504,inf,17.717635853709993,28.25311797960866,0.4910221146731576,0.9783459281232783,0.17950000000000088,0.0,5004,0.0
development,loop_break_01,wall_target,phasemap,snn,removed,0.025,16.221473890068804,13.64321641226808,inf,15.15982829729473,20.743619572550493,0.4910221146731576,0.9783459281232783,0.17950000000000088,0.0,5004,0.0
development,loop_break_01,wall_target,phasemap,snn,as_is,0.05,17.071417620762418,14.271943009613127,inf,17.683158211922752,28.25311797960866,0.49080154922939506,0.9783459281232783,0.17950000000000088,0.0,5004,0.0
development,loop_break_01,wall_target,phasemap,snn,removed,0.05,17.004335373543814,14.832386689631305,inf,15.145935989435028,20.743619572550493,0.49080154922939506,0.9783459281232783,0.17950000000000088,0.0,5004,0.0
development,loop_break_01,wall_target,phasemap,snn,as_is,0.1,17.991661815222628,16.457701718680802,inf,17.582697715747443,28.25311797960866,0.4903642656574891,0.9783459281232783,0.17950000000000088,0.0,5004,0.0
development,loop_break_01,wall_target,phasemap,snn,removed,0.1,18.514889993714082,16.120265548342097,inf,15.116345217933453,20.743619572550493,0.4903642656574891,0.9783459281232783,0.17950000000000088,0.0,5004,0.0
development,loop_break_01,wall_target,phasemap,snn,as_is,0.2,21.34997986716909,18.962409658602176,inf,17.490943107331454,28.25311797960866,0.489630401023439,0.9783459281232783,0.17950000000000088,0.0,5004,0.0
development,loop_break_01,wall_target,phasemap,snn,removed,0.2,20.16925131183246,16.53215955906219,inf,15.022692472371975,20.743619572550493,0.489630401023439,0.9783459281232783,0.17950000000000088,0.0,5004,0.0
development,loop_break_01,wall_target,kalman,snn,as_is,0.025,23.866279698442675,20.5575464232201,10.495000000000001,33.490964677252535,39.459155826508436,0.5009060725207429,0.6155248895843187,0.0045000000000001705,45.56241101091697,5004,0.0
development,loop_break_01,wall_target,kalman,snn,removed,0.025,21.28333123711143,20.356442434007167,10.495000000000001,27.922444794564413,31.399096116755253,0.5009060725207429,0.6155248895843187,0.0045000000000001705,45.56241101091697,5004,0.0
development,loop_break_01,wall_target,kalman,snn,as_is,0.05,27.334487128861518,23.844487844460193,inf,33.38896973708506,39.459155826508436,0.5009060725207429,0.6155248895843187,0.0045000000000001705,45.56241101091697,5004,0.0
development,loop_break_01,wall_target,kalman,snn,removed,0.05,25.025617356067055,25.13942357010948,inf,27.89248992529467,31.399096116755253,0.5009060725207429,0.6155248895843187,0.0045000000000001705,45.56241101091697,5004,0.0
development,loop_break_01,wall_target,kalman,snn,as_is,0.1,30.427464935824535,28.4931245644389,inf,33.33616067320639,39.459155826508436,0.5009060725207429,0.6155248895843187,0.0045000000000001705,45.56241101091697,5004,0.0
development,loop_break_01,wall_target,kalman,snn,removed,0.1,28.745359891303238,29.007596587238865,inf,27.799338855728415,31.399096116755253,0.5009060725207429,0.6155248895843187,0.0045000000000001705,45.56241101091697,5004,0.0
development,loop_break_01,wall_target,kalman,snn,as_is,0.2,22.470513796426776,20.65654510663127,inf,33.137553999743275,39.459155826508436,0.5009060725207429,0.6155248895843187,0.0045000000000001705,45.56241101091697,5004,0.0
development,loop_break_01,wall_target,kalman,snn,removed,0.2,22.9534652779685,22.836714897932477,inf,27.633440375519072,31.399096116755253,0.5009060725207429,0.6155248895843187,0.0045000000000001705,45.56241101091697,5004,0.0
development,loop_break_01,wall_target,harmonic,snn,as_is,0.025,16.59828903620145,14.850816914893619,inf,22.656828285955733,29.534061586295728,0.5009060725207429,0.7660771768710214,0.37450000000000117,0.0,5004,0.0
development,loop_break_01,wall_target,harmonic,snn,removed,0.025,20.599076657194267,13.321555426216097,inf,18.476321030678058,22.46752949633479,0.5009060725207429,0.7660771768710214,0.37450000000000117,0.0,5004,0.0
development,loop_break_01,wall_target,harmonic,snn,as_is,0.05,16.798380493136268,14.21350407777216,inf,22.61962986329071,29.534061586295728,0.5009060725207429,0.7660771768710214,0.37450000000000117,0.0,5004,0.0
development,loop_break_01,wall_target,harmonic,snn,removed,0.05,21.750464433163355,12.98779721066857,inf,18.455520264081905,22.46752949633479,0.5009060725207429,0.7660771768710214,0.37450000000000117,0.0,5004,0.0
development,loop_break_01,wall_target,harmonic,snn,as_is,0.1,17.637550370426744,14.006087315475924,inf,22.538228521605255,29.534061586295728,0.5009060725207429,0.7660771768710214,0.37450000000000117,0.0,5004,0.0
development,loop_break_01,wall_target,harmonic,snn,removed,0.1,22.70017338571362,13.382831253038557,inf,18.43475285443339,22.46752949633479,0.5009060725207429,0.7660771768710214,0.37450000000000117,0.0,5004,0.0
development,loop_break_01,wall_target,harmonic,snn,as_is,0.2,17.712402958835497,13.804842180579296,inf,22.36698095680894,29.534061586295728,0.5009060725207429,0.7660771768710214,0.37450000000000117,0.0,5004,0.0
development,loop_break_01,wall_target,harmonic,snn,removed,0.2,22.09415203629565,13.71571924357469,inf,18.301940874775482,22.46752949633479,0.5009060725207429,0.7660771768710214,0.37450000000000117,0.0,5004,0.0
development,loop_break_01,wall_target,constant_velocity,snn,as_is,0.025,28.0397742267641,23.789630912063366,10.5,nan,nan,nan,0.34134963439422056,inf,0.0,5004,0.0
development,loop_break_01,wall_target,constant_velocity,snn,removed,0.025,25.881908422143827,24.449663131141573,10.5,nan,nan,nan,0.34134963439422056,inf,0.0,5004,0.0
development,loop_break_01,wall_target,constant_velocity,snn,as_is,0.05,34.54951392328427,30.30866209188577,inf,nan,nan,nan,0.34134963439422056,inf,0.0,5004,0.0
development,loop_break_01,wall_target,constant_velocity,snn,removed,0.05,33.066445095889186,31.608491069755637,inf,nan,nan,nan,0.34134963439422056,inf,0.0,5004,0.0
development,loop_break_01,wall_target,constant_velocity,snn,as_is,0.1,47.21640359200406,44.39791462040587,inf,nan,nan,nan,0.34134963439422056,inf,0.0,5004,0.0
development,loop_break_01,wall_target,constant_velocity,snn,removed,0.1,45.173496501739955,45.7541362464171,inf,nan,nan,nan,0.34134963439422056,inf,0.0,5004,0.0
development,loop_break_01,wall_target,constant_velocity,snn,as_is,0.2,82.5559222443612,70.71739255464888,inf,nan,nan,nan,0.34134963439422056,inf,0.0,5004,0.0
development,loop_break_01,wall_target,constant_velocity,snn,removed,0.2,80.61375376677346,70.7360122814683,inf,nan,nan,nan,0.34134963439422056,inf,0.0,5004,0.0
development,loop_break_01,wall_target,snn_two_layer,snn,as_is,0.025,28.240074914325056,24.87256303850664,inf,59.785385244808964,56.66973848924299,1.430293635236478,0.4752424606965391,inf,0.0,5004,0.0
development,loop_break_01,wall_target,snn_two_layer,snn,removed,0.025,27.289323913889195,24.221040238285426,inf,60.00700143114369,56.89385190721339,1.430293635236478,0.4752424606965391,inf,0.0,5004,0.0
development,loop_break_01,wall_target,snn_two_layer,snn,as_is,0.05,31.0626370596135,29.22828650763669,inf,60.011776009913824,56.66973848924299,1.430641173798072,0.4752424606965391,inf,0.0,5004,0.0
development,loop_break_01,wall_target,snn_two_layer,snn,removed,0.05,29.708244184063062,27.222244637281957,inf,60.12803703046791,56.89385190721339,1.430641173798072,0.4752424606965391,inf,0.0,5004,0.0
development,loop_break_01,wall_target,snn_two_layer,snn,as_is,0.1,38.586982741443585,37.94468957717659,inf,60.2397347718407,56.66973848924299,1.4315774063794853,0.4752424606965391,inf,0.0,5004,0.0
development,loop_break_01,wall_target,snn_two_layer,snn,removed,0.1,38.45113549520021,34.44374529382335,inf,60.25531751666201,56.89385190721339,1.4315774063794853,0.4752424606965391,inf,0.0,5004,0.0
development,loop_break_01,wall_target,snn_two_layer,snn,as_is,0.2,61.248969295132646,47.49927672451067,inf,60.70037948380741,56.66973848924299,1.432737178786456,0.4752424606965391,inf,0.0,5004,0.0
development,loop_break_01,wall_target,snn_two_layer,snn,removed,0.2,63.800097231966454,49.656949748856725,inf,60.40131370944798,56.89385190721339,1.432737178786456,0.4752424606965391,inf,0.0,5004,0.0
development,loop_break_01,wall_target,snn_lmu,snn,as_is,0.025,23.164201292321028,19.721136589866212,inf,58.33173198144107,55.55226256554873,0.8151988915130992,0.41210872448938635,inf,0.0,5004,0.0
development,loop_break_01,wall_target,snn_lmu,snn,removed,0.025,21.260634835288336,19.223325659483557,inf,57.3731573378325,55.18429095751067,0.8151988915130992,0.41210872448938635,inf,0.0,5004,0.0
development,loop_break_01,wall_target,snn_lmu,snn,as_is,0.05,27.708246212815776,24.03647236460854,inf,58.278326856738204,55.55226256554873,0.8154545149934022,0.41210872448938635,inf,0.0,5004,0.0
development,loop_break_01,wall_target,snn_lmu,snn,removed,0.05,26.02724179768005,23.984422290154797,inf,57.2797168412755,55.18429095751067,0.8154545149934022,0.41210872448938635,inf,0.0,5004,0.0
development,loop_break_01,wall_target,snn_lmu,snn,as_is,0.1,34.6014363482299,31.594819053560904,inf,58.11084865524184,55.55226256554873,0.8152090216495251,0.41210872448938635,inf,0.0,5004,0.0
development,loop_break_01,wall_target,snn_lmu,snn,removed,0.1,34.757195197064185,30.60093038067369,inf,57.21329837403376,55.18429095751067,0.8152090216495251,0.41210872448938635,inf,0.0,5004,0.0
development,loop_break_01,wall_target,snn_lmu,snn,as_is,0.2,57.79440706452238,45.116156099770926,inf,57.932609896483896,55.55226256554873,0.8139766873677313,0.41210872448938635,inf,0.0,5004,0.0
development,loop_break_01,wall_target,snn_lmu,snn,removed,0.2,57.32713299823117,46.5319745821586,inf,57.028457319499374,55.18429095751067,0.8139766873677313,0.41210872448938635,inf,0.0,5004,0.0
development,loop_break_01/diagonal,wall_target,snn_phasemap,centroid,as_is,0.025,21.054320408589653,8.559837934805596,10.36,38.85506892801804,42.03110502550332,0.49201180918380494,nan,nan,0.0,2100,0.0
development,loop_break_01/diagonal,wall_target,snn_phasemap,centroid,removed,0.025,10.125833459456247,10.257504716203588,inf,26.241675306573583,27.191028664294084,0.49201180918380494,nan,nan,0.0,2100,0.0
development,loop_break_01/diagonal,wall_target,snn_phasemap,centroid,as_is,0.05,21.443110350291185,11.088438589441477,10.36,38.85506892801804,42.03110502550332,0.49201180918380494,nan,nan,0.0,2100,0.0
development,loop_break_01/diagonal,wall_target,snn_phasemap,centroid,removed,0.05,11.132744241461197,13.042512194787928,inf,26.241675306573583,27.191028664294084,0.49201180918380494,nan,nan,0.0,2100,0.0
development,loop_break_01/diagonal,wall_target,snn_phasemap,centroid,as_is,0.1,23.8980848545762,14.69453071087306,inf,38.85506892801804,42.03110502550332,0.49201180918380494,nan,nan,0.0,2100,0.0
development,loop_break_01/diagonal,wall_target,snn_phasemap,centroid,removed,0.1,14.86256548726789,17.119847182156995,inf,26.241675306573583,27.191028664294084,0.49201180918380494,nan,nan,0.0,2100,0.0
development,loop_break_01/diagonal,wall_target,snn_phasemap,centroid,as_is,0.2,30.208940016320966,20.785687420930913,inf,38.85506892801804,42.03110502550332,0.49201180918380494,nan,nan,0.0,2100,0.0
development,loop_break_01/diagonal,wall_target,snn_phasemap,centroid,removed,0.2,22.77783173323408,23.69823140493537,inf,26.241675306573583,27.191028664294084,0.49201180918380494,nan,nan,0.0,2100,0.0
development,loop_break_01/diagonal,wall_target,phasemap,centroid,as_is,0.025,20.022102372002095,4.848208271320168,10.370000000000001,26.110055085981678,32.81475804680039,0.49759218432014174,nan,nan,0.0,2100,0.0
development,loop_break_01/diagonal,wall_target,phasemap,centroid,removed,0.025,9.79792969370661,9.94952757356335,inf,15.492800391909569,19.03039313199615,0.49759218432014174,nan,nan,0.0,2100,0.0
development,loop_break_01/diagonal,wall_target,phasemap,centroid,as_is,0.05,19.99219392625322,6.6679162590750565,10.370000000000001,26.110055085981678,32.81475804680039,0.49759218432014174,nan,nan,0.0,2100,0.0
development,loop_break_01/diagonal,wall_target,phasemap,centroid,removed,0.05,11.41044850485158,10.373223513340239,inf,15.492800391909569,19.03039313199615,0.49759218432014174,nan,nan,0.0,2100,0.0
development,loop_break_01/diagonal,wall_target,phasemap,centroid,as_is,0.1,20.843101422083485,9.636804597705634,inf,26.110055085981678,32.81475804680039,0.49759218432014174,nan,nan,0.0,2100,0.0
development,loop_break_01/diagonal,wall_target,phasemap,centroid,removed,0.1,13.376591592543338,13.974636673445712,inf,15.492800391909569,19.03039313199615,0.49759218432014174,nan,nan,0.0,2100,0.0
development,loop_break_01/diagonal,wall_target,phasemap,centroid,as_is,0.2,23.15974077590139,14.745906299366915,inf,26.110055085981678,32.81475804680039,0.49759218432014174,nan,nan,0.0,2100,0.0
development,loop_break_01/diagonal,wall_target,phasemap,centroid,removed,0.2,18.90094441338966,16.091164858144918,inf,15.492800391909569,19.03039313199615,0.49759218432014174,nan,nan,0.0,2100,0.0
development,loop_break_01/diagonal,wall_target,kalman,centroid,as_is,0.025,20.36128009270024,6.420840385965967,10.455,31.709634614453854,38.29644224481206,1.000796779796515,nan,nan,40.00000000000085,2100,0.0
development,loop_break_01/diagonal,wall_target,kalman,centroid,removed,0.025,8.840733407257826,9.085297674476815,inf,16.834131564364526,23.733034433701185,1.000796779796515,nan,nan,40.00000000000085,2100,0.0
development,loop_break_01/diagonal,wall_target,kalman,centroid,as_is,0.05,20.712031695562516,6.515223797193229,inf,31.709634614453854,38.29644224481206,1.000796779796515,nan,nan,40.00000000000085,2100,0.0
development,loop_break_01/diagonal,wall_target,kalman,centroid,removed,0.05,9.908022199399568,11.21018461018178,inf,16.834131564364526,23.733034433701185,1.000796779796515,nan,nan,40.00000000000085,2100,0.0
development,loop_break_01/diagonal,wall_target,kalman,centroid,as_is,0.1,21.492962941960236,9.502996706693416,inf,31.709634614453854,38.29644224481206,1.000796779796515,nan,nan,40.00000000000085,2100,0.0
development,loop_break_01/diagonal,wall_target,kalman,centroid,removed,0.1,12.20047325397012,15.39331728301497,inf,16.834131564364526,23.733034433701185,1.000796779796515,nan,nan,40.00000000000085,2100,0.0
development,loop_break_01/diagonal,wall_target,kalman,centroid,as_is,0.2,22.01512017608821,15.059721448939426,inf,31.709634614453854,38.29644224481206,1.000796779796515,nan,nan,40.00000000000085,2100,0.0
development,loop_break_01/diagonal,wall_target,kalman,centroid,removed,0.2,15.896144693487013,17.50431546790285,10.290000000000001,16.834131564364526,23.733034433701185,1.000796779796515,nan,nan,40.00000000000085,2100,0.0
development,loop_break_01/diagonal,wall_target,harmonic,centroid,as_is,0.025,18.54122711386357,12.305707317307732,inf,21.25358995373916,24.653181430885333,1.000796779796515,nan,nan,0.0,2100,0.0
development,loop_break_01/diagonal,wall_target,harmonic,centroid,removed,0.025,22.608496257378363,11.505618214281185,inf,8.824181294863099,10.268735377092867,1.000796779796515,nan,nan,0.0,2100,0.0
development,loop_break_01/diagonal,wall_target,harmonic,centroid,as_is,0.05,18.9543133929671,12.557247994635627,inf,21.25358995373916,24.653181430885333,1.000796779796515,nan,nan,0.0,2100,0.0
development,loop_break_01/diagonal,wall_target,harmonic,centroid,removed,0.05,23.378116167369974,11.791180226537314,inf,8.824181294863099,10.268735377092867,1.000796779796515,nan,nan,0.0,2100,0.0
development,loop_break_01/diagonal,wall_target,harmonic,centroid,as_is,0.1,19.299710112735113,12.493389044140212,inf,21.25358995373916,24.653181430885333,1.000796779796515,nan,nan,0.0,2100,0.0
development,loop_break_01/diagonal,wall_target,harmonic,centroid,removed,0.1,24.678002776995534,12.29798642044842,inf,8.824181294863099,10.268735377092867,1.000796779796515,nan,nan,0.0,2100,0.0
development,loop_break_01/diagonal,wall_target,harmonic,centroid,as_is,0.2,19.86571252063939,13.969740016650514,inf,21.25358995373916,24.653181430885333,1.000796779796515,nan,nan,0.0,2100,0.0
development,loop_break_01/diagonal,wall_target,harmonic,centroid,removed,0.2,26.833181425803456,13.739633598950494,inf,8.824181294863099,10.268735377092867,1.000796779796515,nan,nan,0.0,2100,0.0
development,loop_break_01/diagonal,wall_target,constant_velocity,centroid,as_is,0.025,21.16745139638022,7.594429686184856,10.46,nan,nan,nan,nan,nan,0.0,2100,0.0
development,loop_break_01/diagonal,wall_target,constant_velocity,centroid,removed,0.025,9.934048905117102,10.971929388969203,inf,nan,nan,nan,nan,nan,0.0,2100,0.0
development,loop_break_01/diagonal,wall_target,constant_velocity,centroid,as_is,0.05,22.767469285876366,10.607758226249796,inf,nan,nan,nan,nan,nan,0.0,2100,0.0
development,loop_break_01/diagonal,wall_target,constant_velocity,centroid,removed,0.05,11.967207441926139,14.230490956815993,inf,nan,nan,nan,nan,nan,0.0,2100,0.0
development,loop_break_01/diagonal,wall_target,constant_velocity,centroid,as_is,0.1,26.873476988720427,17.31119085296502,inf,nan,nan,nan,nan,nan,0.0,2100,0.0
development,loop_break_01/diagonal,wall_target,constant_velocity,centroid,removed,0.1,17.7874960461062,22.675799614643715,inf,nan,nan,nan,nan,nan,0.0,2100,0.0
development,loop_break_01/diagonal,wall_target,constant_velocity,centroid,as_is,0.2,51.431669704860596,40.815024041501374,inf,nan,nan,nan,nan,nan,0.0,2100,0.0
development,loop_break_01/diagonal,wall_target,constant_velocity,centroid,removed,0.2,47.201422346354306,46.04628919503825,inf,nan,nan,nan,nan,nan,0.0,2100,0.0
development,loop_break_01/diagonal,wall_target,snn_two_layer,centroid,as_is,0.025,20.18556127971982,7.713153772277689,inf,74.60007965968617,74.620828852019,1.072758500200103,nan,nan,0.0,2100,0.0
development,loop_break_01/diagonal,wall_target,snn_two_layer,centroid,removed,0.025,9.808262953011582,9.196059188614873,inf,63.88833461211051,68.40827988151656,1.072758500200103,nan,nan,0.0,2100,0.0
development,loop_break_01/diagonal,wall_target,snn_two_layer,centroid,as_is,0.05,21.028467018375622,9.145843975592491,inf,74.60007965968617,74.620828852019,1.072758500200103,nan,nan,0.0,2100,0.0
development,loop_break_01/diagonal,wall_target,snn_two_layer,centroid,removed,0.05,11.309936460626872,10.545548472265937,inf,63.88833461211051,68.40827988151656,1.072758500200103,nan,nan,0.0,2100,0.0
development,loop_break_01/diagonal,wall_target,snn_two_layer,centroid,as_is,0.1,23.31762664128845,14.448136219594112,inf,74.60007965968617,74.620828852019,1.072758500200103,nan,nan,0.0,2100,0.0
development,loop_break_01/diagonal,wall_target,snn_two_layer,centroid,removed,0.1,17.400358042570012,16.358751469362172,inf,63.88833461211051,68.40827988151656,1.072758500200103,nan,nan,0.0,2100,0.0
development,loop_break_01/diagonal,wall_target,snn_two_layer,centroid,as_is,0.2,35.05107849724351,26.756352818080224,inf,74.60007965968617,74.620828852019,1.072758500200103,nan,nan,0.0,2100,0.0
development,loop_break_01/diagonal,wall_target,snn_two_layer,centroid,removed,0.2,32.778138120515806,28.148054668572247,inf,63.88833461211051,68.40827988151656,1.072758500200103,nan,nan,0.0,2100,0.0
development,loop_break_01/diagonal,wall_target,snn_lmu,centroid,as_is,0.025,23.154416969112845,10.243452995398634,10.370000000000001,67.20228415136854,62.62414487527746,0.8756024124508133,nan,nan,0.0,2100,0.0
development,loop_break_01/diagonal,wall_target,snn_lmu,centroid,removed,0.025,14.777260421248522,12.914911071595226,inf,64.70308225159697,57.25817732831817,0.8756024124508133,nan,nan,0.0,2100,0.0
development,loop_break_01/diagonal,wall_target,snn_lmu,centroid,as_is,0.05,26.853372745440076,14.053939350720238,10.375,67.20228415136854,62.62414487527746,0.8756024124508133,nan,nan,0.0,2100,0.0
development,loop_break_01/diagonal,wall_target,snn_lmu,centroid,removed,0.05,20.31063846682362,15.335820982439497,inf,64.70308225159697,57.25817732831817,0.8756024124508133,nan,nan,0.0,2100,0.0
development,loop_break_01/diagonal,wall_target,snn_lmu,centroid,as_is,0.1,33.86077228920752,24.24750175341601,inf,67.20228415136854,62.62414487527746,0.8756024124508133,nan,nan,0.0,2100,0.0
development,loop_break_01/diagonal,wall_target,snn_lmu,centroid,removed,0.1,32.34934794097468,25.820644398100264,inf,64.70308225159697,57.25817732831817,0.8756024124508133,nan,nan,0.0,2100,0.0
development,loop_break_01/diagonal,wall_target,snn_lmu,centroid,as_is,0.2,55.8525369006077,48.06160567982877,inf,67.20228415136854,62.62414487527746,0.8756024124508133,nan,nan,0.0,2100,0.0
development,loop_break_01/diagonal,wall_target,snn_lmu,centroid,removed,0.2,55.806520178140715,46.52530399148001,inf,64.70308225159697,57.25817732831817,0.8756024124508133,nan,nan,0.0,2100,0.0
development,loop_break_01/diagonal,wall_target,snn_phasemap,snn,as_is,0.025,19.633377627453967,14.915422165620633,inf,31.541710470071877,38.203671045929354,0.49422631317176413,nan,nan,0.0,2100,0.0
development,loop_break_01/diagonal,wall_target,snn_phasemap,snn,removed,0.025,16.47486834521488,14.858033248082837,inf,25.143696973707655,29.93337490942926,0.49422631317176413,nan,nan,0.0,2100,0.0
development,loop_break_01/diagonal,wall_target,snn_phasemap,snn,as_is,0.05,20.06644417737059,14.333075359152302,inf,31.541710470071877,38.203671045929354,0.49422631317176413,nan,nan,0.0,2100,0.0
development,loop_break_01/diagonal,wall_target,snn_phasemap,snn,removed,0.05,17.15557399159112,15.065865048210961,inf,25.143696973707655,29.93337490942926,0.49422631317176413,nan,nan,0.0,2100,0.0
development,loop_break_01/diagonal,wall_target,snn_phasemap,snn,as_is,0.1,21.507857578022264,17.667810494083273,inf,31.541710470071877,38.203671045929354,0.49422631317176413,nan,nan,0.0,2100,0.0
development,loop_break_01/diagonal,wall_target,snn_phasemap,snn,removed,0.1,19.527515941109073,17.441352603979368,inf,25.143696973707655,29.93337490942926,0.49422631317176413,nan,nan,0.0,2100,0.0
development,loop_break_01/diagonal,wall_target,snn_phasemap,snn,as_is,0.2,25.687827754807177,21.218532506908044,inf,31.541710470071877,38.203671045929354,0.49422631317176413,nan,nan,0.0,2100,0.0
development,loop_break_01/diagonal,wall_target,snn_phasemap,snn,removed,0.2,24.71236716826572,24.423704972654136,inf,25.143696973707655,29.93337490942926,0.49422631317176413,nan,nan,0.0,2100,0.0
development,loop_break_01/diagonal,wall_target,phasemap,snn,as_is,0.025,17.265727154712017,13.747641787969462,inf,17.585640996692696,27.80919306952525,0.49068891575598506,nan,nan,0.0,2100,0.0
development,loop_break_01/diagonal,wall_target,phasemap,snn,removed,0.025,15.950928989766732,13.122316701219052,inf,15.16193188720463,20.206287750509436,0.49068891575598506,nan,nan,0.0,2100,0.0
development,loop_break_01/diagonal,wall_target,phasemap,snn,as_is,0.05,16.946857354937,14.193171418754714,inf,17.585640996692696,27.80919306952525,0.49068891575598506,nan,nan,0.0,2100,0.0
development,loop_break_01/diagonal,wall_target,phasemap,snn,removed,0.05,16.933931216187183,14.291747839873487,inf,15.16193188720463,20.206287750509436,0.49068891575598506,nan,nan,0.0,2100,0.0
development,loop_break_01/diagonal,wall_target,phasemap,snn,as_is,0.1,18.088506568308507,15.775847765279366,inf,17.585640996692696,27.80919306952525,0.49068891575598506,nan,nan,0.0,2100,0.0
development,loop_break_01/diagonal,wall_target,phasemap,snn,removed,0.1,18.334745117408907,15.483012296739695,inf,15.16193188720463,20.206287750509436,0.49068891575598506,nan,nan,0.0,2100,0.0
development,loop_break_01/diagonal,wall_target,phasemap,snn,as_is,0.2,21.554416708558406,18.320991251579407,inf,17.585640996692696,27.80919306952525,0.49068891575598506,nan,nan,0.0,2100,0.0
development,loop_break_01/diagonal,wall_target,phasemap,snn,removed,0.2,20.25973311020985,16.0875268441579,inf,15.16193188720463,20.206287750509436,0.49068891575598506,nan,nan,0.0,2100,0.0
development,loop_break_01/diagonal,wall_target,kalman,snn,as_is,0.025,24.094689583149954,20.775535477505194,inf,33.421913825878065,39.41881154649279,0.5007918879768143,nan,nan,45.71428571428669,2100,0.0
development,loop_break_01/diagonal,wall_target,kalman,snn,removed,0.025,21.53302397528177,20.41696946617617,inf,27.916269040327577,31.51929540980668,0.5007918879768143,nan,nan,45.71428571428669,2100,0.0
development,loop_break_01/diagonal,wall_target,kalman,snn,as_is,0.05,26.958544940158045,23.310290140066726,inf,33.421913825878065,39.41881154649279,0.5007918879768143,nan,nan,45.71428571428669,2100,0.0
development,loop_break_01/diagonal,wall_target,kalman,snn,removed,0.05,25.178120806987177,23.762614807401448,inf,27.916269040327577,31.51929540980668,0.5007918879768143,nan,nan,45.71428571428669,2100,0.0
development,loop_break_01/diagonal,wall_target,kalman,snn,as_is,0.1,29.819975440295593,27.058258470230353,inf,33.421913825878065,39.41881154649279,0.5007918879768143,nan,nan,45.71428571428669,2100,0.0
development,loop_break_01/diagonal,wall_target,kalman,snn,removed,0.1,28.526320788532047,27.324604389240555,inf,27.916269040327577,31.51929540980668,0.5007918879768143,nan,nan,45.71428571428669,2100,0.0
development,loop_break_01/diagonal,wall_target,kalman,snn,as_is,0.2,22.478814806464584,21.26981762738732,inf,33.421913825878065,39.41881154649279,0.5007918879768143,nan,nan,45.71428571428669,2100,0.0
development,loop_break_01/diagonal,wall_target,kalman,snn,removed,0.2,23.303729849696822,22.462814854277436,inf,27.916269040327577,31.51929540980668,0.5007918879768143,nan,nan,45.71428571428669,2100,0.0
development,loop_break_01/diagonal,wall_target,harmonic,snn,as_is,0.025,16.606369904086304,14.683589779896037,inf,22.652106362631596,29.52916603435739,0.5007918879768143,nan,nan,0.0,2100,0.0
development,loop_break_01/diagonal,wall_target,harmonic,snn,removed,0.025,20.58904923712174,13.254177997324279,inf,18.46605608650789,22.57172894483302,0.5007918879768143,nan,nan,0.0,2100,0.0
development,loop_break_01/diagonal,wall_target,harmonic,snn,as_is,0.05,16.824815028204235,14.071640444626693,inf,22.652106362631596,29.52916603435739,0.5007918879768143,nan,nan,0.0,2100,0.0
development,loop_break_01/diagonal,wall_target,harmonic,snn,removed,0.05,21.837933245278506,13.0183214032638,inf,18.46605608650789,22.57172894483302,0.5007918879768143,nan,nan,0.0,2100,0.0
development,loop_break_01/diagonal,wall_target,harmonic,snn,as_is,0.1,17.68896990979769,13.92333463301689,inf,22.652106362631596,29.52916603435739,0.5007918879768143,nan,nan,0.0,2100,0.0
development,loop_break_01/diagonal,wall_target,harmonic,snn,removed,0.1,22.66115295924316,13.215569488810486,inf,18.46605608650789,22.57172894483302,0.5007918879768143,nan,nan,0.0,2100,0.0
development,loop_break_01/diagonal,wall_target,harmonic,snn,as_is,0.2,17.732773763093284,13.682852034311754,inf,22.652106362631596,29.52916603435739,0.5007918879768143,nan,nan,0.0,2100,0.0
development,loop_break_01/diagonal,wall_target,harmonic,snn,removed,0.2,22.02618966864471,13.731597785514822,inf,18.46605608650789,22.57172894483302,0.5007918879768143,nan,nan,0.0,2100,0.0
development,loop_break_01/diagonal,wall_target,constant_velocity,snn,as_is,0.025,27.82791347103436,23.453434606759892,inf,nan,nan,nan,nan,nan,0.0,2100,0.0
development,loop_break_01/diagonal,wall_target,constant_velocity,snn,removed,0.025,25.487842381530495,24.71046105051181,inf,nan,nan,nan,nan,nan,0.0,2100,0.0
development,loop_break_01/diagonal,wall_target,constant_velocity,snn,as_is,0.05,34.34455940657548,28.610335070525554,inf,nan,nan,nan,nan,nan,0.0,2100,0.0
development,loop_break_01/diagonal,wall_target,constant_velocity,snn,removed,0.05,32.168412268403145,30.898239155952304,inf,nan,nan,nan,nan,nan,0.0,2100,0.0
development,loop_break_01/diagonal,wall_target,constant_velocity,snn,as_is,0.1,46.98883482357544,43.264535982775335,inf,nan,nan,nan,nan,nan,0.0,2100,0.0
development,loop_break_01/diagonal,wall_target,constant_velocity,snn,removed,0.1,45.88735243690314,44.41684445300692,inf,nan,nan,nan,nan,nan,0.0,2100,0.0
development,loop_break_01/diagonal,wall_target,constant_velocity,snn,as_is,0.2,82.7044116047957,68.43489218541691,inf,nan,nan,nan,nan,nan,0.0,2100,0.0
development,loop_break_01/diagonal,wall_target,constant_velocity,snn,removed,0.2,81.11785927873304,69.03354743227392,inf,nan,nan,nan,nan,nan,0.0,2100,0.0
development,loop_break_01/diagonal,wall_target,snn_two_layer,snn,as_is,0.025,27.656459417018354,24.59265902014222,inf,61.13891183832448,57.954263914535,1.4279033437945756,nan,nan,0.0,2100,0.0
development,loop_break_01/diagonal,wall_target,snn_two_layer,snn,removed,0.025,27.104713599463476,23.836130542788933,inf,60.710728532196185,59.64561652799088,1.4279033437945756,nan,nan,0.0,2100,0.0
development,loop_break_01/diagonal,wall_target,snn_two_layer,snn,as_is,0.05,31.17962521852283,30.020909097476938,inf,61.13891183832448,57.954263914535,1.4279033437945756,nan,nan,0.0,2100,0.0
development,loop_break_01/diagonal,wall_target,snn_two_layer,snn,removed,0.05,28.88480775512452,27.17077957537937,inf,60.710728532196185,59.64561652799088,1.4279033437945756,nan,nan,0.0,2100,0.0
development,loop_break_01/diagonal,wall_target,snn_two_layer,snn,as_is,0.1,39.570259999504714,37.686883148600785,inf,61.13891183832448,57.954263914535,1.4279033437945756,nan,nan,0.0,2100,0.0
development,loop_break_01/diagonal,wall_target,snn_two_layer,snn,removed,0.1,38.84394218690214,33.243904223083476,inf,60.710728532196185,59.64561652799088,1.4279033437945756,nan,nan,0.0,2100,0.0
development,loop_break_01/diagonal,wall_target,snn_two_layer,snn,as_is,0.2,62.2746512968881,48.45096195193554,inf,61.13891183832448,57.954263914535,1.4279033437945756,nan,nan,0.0,2100,0.0
development,loop_break_01/diagonal,wall_target,snn_two_layer,snn,removed,0.2,64.23655033733323,50.365846273370366,inf,60.710728532196185,59.64561652799088,1.4279033437945756,nan,nan,0.0,2100,0.0
development,loop_break_01/diagonal,wall_target,snn_lmu,snn,as_is,0.025,23.499879704136656,20.378785935021995,inf,58.468096446990856,56.22863925529204,0.8102630091634728,nan,nan,0.0,2100,0.0
development,loop_break_01/diagonal,wall_target,snn_lmu,snn,removed,0.025,21.1130781862862,19.601920509008742,inf,57.844359017767886,55.62977645011465,0.8102630091634728,nan,nan,0.0,2100,0.0
development,loop_break_01/diagonal,wall_target,snn_lmu,snn,as_is,0.05,27.350328468374865,24.972991576391507,inf,58.468096446990856,56.22863925529204,0.8102630091634728,nan,nan,0.0,2100,0.0
development,loop_break_01/diagonal,wall_target,snn_lmu,snn,removed,0.05,25.74702244692465,23.857555006660846,inf,57.844359017767886,55.62977645011465,0.8102630091634728,nan,nan,0.0,2100,0.0
development,loop_break_01/diagonal,wall_target,snn_lmu,snn,as_is,0.1,34.812020625622985,31.112458765429704,inf,58.468096446990856,56.22863925529204,0.8102630091634728,nan,nan,0.0,2100,0.0
development,loop_break_01/diagonal,wall_target,snn_lmu,snn,removed,0.1,34.67673632590646,30.34169769819329,inf,57.844359017767886,55.62977645011465,0.8102630091634728,nan,nan,0.0,2100,0.0
development,loop_break_01/diagonal,wall_target,snn_lmu,snn,as_is,0.2,57.42842648592067,45.8793341656756,inf,58.468096446990856,56.22863925529204,0.8102630091634728,nan,nan,0.0,2100,0.0
development,loop_break_01/diagonal,wall_target,snn_lmu,snn,removed,0.2,56.79596216241933,45.92003830433168,inf,57.844359017767886,55.62977645011465,0.8102630091634728,nan,nan,0.0,2100,0.0
development,loop_break_01/horizontal,wall_target,snn_phasemap,centroid,as_is,0.025,22.157110200072445,15.23802895998405,inf,16.616255962633616,13.113926467826683,1.0176091955257007,nan,nan,0.0,2404,0.0
development,loop_break_01/horizontal,wall_target,snn_phasemap,centroid,removed,0.025,11.811343286017692,9.221649015492478,11.955,9.665930653976336,12.033575309547665,1.0176091955257007,nan,nan,0.0,2404,0.0
development,loop_break_01/horizontal,wall_target,snn_phasemap,centroid,as_is,0.05,22.793640981762152,15.61771777794513,inf,16.616255962633616,13.113926467826683,1.0176091955257007,nan,nan,0.0,2404,0.0
development,loop_break_01/horizontal,wall_target,snn_phasemap,centroid,removed,0.05,12.102896631052293,9.376635076659621,11.945,9.665930653976336,12.033575309547665,1.0176091955257007,nan,nan,0.0,2404,0.0
development,loop_break_01/horizontal,wall_target,snn_phasemap,centroid,as_is,0.1,23.45539962705912,15.388359018773325,inf,16.616255962633616,13.113926467826683,1.0176091955257007,nan,nan,0.0,2404,0.0
development,loop_break_01/horizontal,wall_target,snn_phasemap,centroid,removed,0.1,12.898010130561786,11.086884439178716,11.785,9.665930653976336,12.033575309547665,1.0176091955257007,nan,nan,0.0,2404,0.0
development,loop_break_01/horizontal,wall_target,snn_phasemap,centroid,as_is,0.2,23.188997118373024,16.839648611070935,inf,16.616255962633616,13.113926467826683,1.0176091955257007,nan,nan,0.0,2404,0.0
development,loop_break_01/horizontal,wall_target,snn_phasemap,centroid,removed,0.2,13.724246638575437,10.476789491062084,11.795,9.665930653976336,12.033575309547665,1.0176091955257007,nan,nan,0.0,2404,0.0
development,loop_break_01/horizontal,wall_target,phasemap,centroid,as_is,0.025,24.924427754883084,19.57910320198869,inf,21.13273079197924,18.842319265584017,1.0285481064440298,nan,nan,0.0,2404,0.0
development,loop_break_01/horizontal,wall_target,phasemap,centroid,removed,0.025,13.047274914325513,10.197899416847054,11.845,9.0878396997393,8.445596699335008,1.0285481064440298,nan,nan,0.0,2404,0.0
development,loop_break_01/horizontal,wall_target,phasemap,centroid,as_is,0.05,25.696915046571533,20.665396357165626,inf,21.13273079197924,18.842319265584017,1.0285481064440298,nan,nan,0.0,2404,0.0
development,loop_break_01/horizontal,wall_target,phasemap,centroid,removed,0.05,14.42463796945177,10.39657112991512,11.835,9.0878396997393,8.445596699335008,1.0285481064440298,nan,nan,0.0,2404,0.0
development,loop_break_01/horizontal,wall_target,phasemap,centroid,as_is,0.1,27.291782060665263,21.809610123808444,inf,21.13273079197924,18.842319265584017,1.0285481064440298,nan,nan,0.0,2404,0.0
development,loop_break_01/horizontal,wall_target,phasemap,centroid,removed,0.1,15.65560986909713,12.013407161955584,11.825000000000001,9.0878396997393,8.445596699335008,1.0285481064440298,nan,nan,0.0,2404,0.0
development,loop_break_01/horizontal,wall_target,phasemap,centroid,as_is,0.2,27.652589707086626,22.858449877749198,inf,21.13273079197924,18.842319265584017,1.0285481064440298,nan,nan,0.0,2404,0.0
development,loop_break_01/horizontal,wall_target,phasemap,centroid,removed,0.2,16.64706627395846,13.505917682935777,11.81,9.0878396997393,8.445596699335008,1.0285481064440298,nan,nan,0.0,2404,0.0
development,loop_break_01/horizontal,wall_target,kalman,centroid,as_is,0.025,21.485438291480456,18.62301832205663,11.99,19.74509587463101,14.94024447830239,1.9002522633744536,nan,nan,54.90848585690633,2404,0.0
development,loop_break_01/horizontal,wall_target,kalman,centroid,removed,0.025,13.345180063942097,12.312707784313679,11.825000000000001,15.245362786640861,16.10151809357023,1.9002522633744536,nan,nan,54.90848585690633,2404,0.0
development,loop_break_01/horizontal,wall_target,kalman,centroid,as_is,0.05,21.08472160776186,21.417176471226828,inf,19.74509587463101,14.94024447830239,1.9002522633744536,nan,nan,54.90848585690633,2404,0.0
development,loop_break_01/horizontal,wall_target,kalman,centroid,removed,0.05,14.556122554507649,14.453477815864066,11.825000000000001,15.245362786640861,16.10151809357023,1.9002522633744536,nan,nan,54.90848585690633,2404,0.0
development,loop_break_01/horizontal,wall_target,kalman,centroid,as_is,0.1,22.205710914679628,27.635018401010562,inf,19.74509587463101,14.94024447830239,1.9002522633744536,nan,nan,54.90848585690633,2404,0.0
development,loop_break_01/horizontal,wall_target,kalman,centroid,removed,0.1,17.682415976895427,17.931282806767324,11.825000000000001,15.245362786640861,16.10151809357023,1.9002522633744536,nan,nan,54.90848585690633,2404,0.0
development,loop_break_01/horizontal,wall_target,kalman,centroid,as_is,0.2,25.82313862903211,37.70737488717543,inf,19.74509587463101,14.94024447830239,1.9002522633744536,nan,nan,54.90848585690633,2404,0.0
development,loop_break_01/horizontal,wall_target,kalman,centroid,removed,0.2,22.7315778480487,24.80129888878362,inf,15.245362786640861,16.10151809357023,1.9002522633744536,nan,nan,54.90848585690633,2404,0.0
development,loop_break_01/horizontal,wall_target,harmonic,centroid,as_is,0.025,39.6574454541909,44.942907995681786,inf,24.071790314019783,16.91553635745199,1.9002522633744536,nan,nan,0.0,2404,0.0
development,loop_break_01/horizontal,wall_target,harmonic,centroid,removed,0.025,38.973378033995324,33.3130922253517,inf,13.409325975108525,13.738006055181309,1.9002522633744536,nan,nan,0.0,2404,0.0
development,loop_break_01/horizontal,wall_target,harmonic,centroid,as_is,0.05,41.34172447886755,45.04281321871281,inf,24.071790314019783,16.91553635745199,1.9002522633744536,nan,nan,0.0,2404,0.0
development,loop_break_01/horizontal,wall_target,harmonic,centroid,removed,0.05,41.01844039591017,35.09295321886087,inf,13.409325975108525,13.738006055181309,1.9002522633744536,nan,nan,0.0,2404,0.0
development,loop_break_01/horizontal,wall_target,harmonic,centroid,as_is,0.1,44.307655337748656,45.90218700577576,inf,24.071790314019783,16.91553635745199,1.9002522633744536,nan,nan,0.0,2404,0.0
development,loop_break_01/horizontal,wall_target,harmonic,centroid,removed,0.1,43.280877999531455,37.09550161092705,inf,13.409325975108525,13.738006055181309,1.9002522633744536,nan,nan,0.0,2404,0.0
development,loop_break_01/horizontal,wall_target,harmonic,centroid,as_is,0.2,48.19432756882643,47.53567300744479,inf,24.071790314019783,16.91553635745199,1.9002522633744536,nan,nan,0.0,2404,0.0
development,loop_break_01/horizontal,wall_target,harmonic,centroid,removed,0.2,46.47139483404966,38.62172683977695,inf,13.409325975108525,13.738006055181309,1.9002522633744536,nan,nan,0.0,2404,0.0
development,loop_break_01/horizontal,wall_target,constant_velocity,centroid,as_is,0.025,22.027387209626045,16.668293230974314,11.99,nan,nan,nan,nan,nan,0.0,2404,0.0
development,loop_break_01/horizontal,wall_target,constant_velocity,centroid,removed,0.025,13.01279194097527,12.496918589907057,11.82,nan,nan,nan,nan,nan,0.0,2404,0.0
development,loop_break_01/horizontal,wall_target,constant_velocity,centroid,as_is,0.05,23.94113159254092,18.715736802199245,inf,nan,nan,nan,nan,nan,0.0,2404,0.0
development,loop_break_01/horizontal,wall_target,constant_velocity,centroid,removed,0.05,15.201216046178196,13.787341728060872,11.82,nan,nan,nan,nan,nan,0.0,2404,0.0
development,loop_break_01/horizontal,wall_target,constant_velocity,centroid,as_is,0.1,27.964454333834205,27.64699031798485,inf,nan,nan,nan,nan,nan,0.0,2404,0.0
development,loop_break_01/horizontal,wall_target,constant_velocity,centroid,removed,0.1,22.189688488025126,17.620498233091702,11.865,nan,nan,nan,nan,nan,0.0,2404,0.0
development,loop_break_01/horizontal,wall_target,constant_velocity,centroid,as_is,0.2,39.505425497540685,49.290141848170045,inf,nan,nan,nan,nan,nan,0.0,2404,0.0
development,loop_break_01/horizontal,wall_target,constant_velocity,centroid,removed,0.2,43.63982330652129,41.02961512504811,inf,nan,nan,nan,nan,nan,0.0,2404,0.0
development,loop_break_01/horizontal,wall_target,snn_two_layer,centroid,as_is,0.025,21.07086738108872,14.705746429751269,inf,45.08965416769436,49.81219364331274,2.403748370301196,nan,nan,0.0,2404,0.0
development,loop_break_01/horizontal,wall_target,snn_two_layer,centroid,removed,0.025,11.439125144884112,10.087203586264915,11.735,52.06159285867864,53.25071835639879,2.403748370301196,nan,nan,0.0,2404,0.0
development,loop_break_01/horizontal,wall_target,snn_two_layer,centroid,as_is,0.05,21.334321228605702,15.897107277413582,inf,45.08965416769436,49.81219364331274,2.403748370301196,nan,nan,0.0,2404,0.0
development,loop_break_01/horizontal,wall_target,snn_two_layer,centroid,removed,0.05,12.353048775631018,11.0616031944475,11.790000000000001,52.06159285867864,53.25071835639879,2.403748370301196,nan,nan,0.0,2404,0.0
development,loop_break_01/horizontal,wall_target,snn_two_layer,centroid,as_is,0.1,22.95355194091824,19.130476915391604,inf,45.08965416769436,49.81219364331274,2.403748370301196,nan,nan,0.0,2404,0.0
development,loop_break_01/horizontal,wall_target,snn_two_layer,centroid,removed,0.1,16.339679880246592,13.084541222056147,11.825000000000001,52.06159285867864,53.25071835639879,2.403748370301196,nan,nan,0.0,2404,0.0
development,loop_break_01/horizontal,wall_target,snn_two_layer,centroid,as_is,0.2,27.227229836606117,35.775454942399236,inf,45.08965416769436,49.81219364331274,2.403748370301196,nan,nan,0.0,2404,0.0
development,loop_break_01/horizontal,wall_target,snn_two_layer,centroid,removed,0.2,27.131169531735775,30.477076223453118,inf,52.06159285867864,53.25071835639879,2.403748370301196,nan,nan,0.0,2404,0.0
development,loop_break_01/horizontal,wall_target,snn_lmu,centroid,as_is,0.025,27.763807560216918,22.50737443940442,11.895,41.07856236327325,44.125030797181324,1.9499656446125986,nan,nan,0.0,2404,0.0
development,loop_break_01/horizontal,wall_target,snn_lmu,centroid,removed,0.025,17.406908092006486,12.931630280445589,inf,29.454811043451514,35.80802602382666,1.9499656446125986,nan,nan,0.0,2404,0.0
development,loop_break_01/horizontal,wall_target,snn_lmu,centroid,as_is,0.05,30.139950850982437,27.18349456685042,11.85,41.07856236327325,44.125030797181324,1.9499656446125986,nan,nan,0.0,2404,0.0
development,loop_break_01/horizontal,wall_target,snn_lmu,centroid,removed,0.05,22.681613992083633,12.427071385228437,inf,29.454811043451514,35.80802602382666,1.9499656446125986,nan,nan,0.0,2404,0.0
development,loop_break_01/horizontal,wall_target,snn_lmu,centroid,as_is,0.1,34.796012537606245,39.02043100056114,11.855,41.07856236327325,44.125030797181324,1.9499656446125986,nan,nan,0.0,2404,0.0
development,loop_break_01/horizontal,wall_target,snn_lmu,centroid,removed,0.1,31.84616809650457,17.16270805001304,inf,29.454811043451514,35.80802602382666,1.9499656446125986,nan,nan,0.0,2404,0.0
development,loop_break_01/horizontal,wall_target,snn_lmu,centroid,as_is,0.2,43.228759129471456,51.83983040804011,inf,41.07856236327325,44.125030797181324,1.9499656446125986,nan,nan,0.0,2404,0.0
development,loop_break_01/horizontal,wall_target,snn_lmu,centroid,removed,0.2,49.07490954912477,33.339438204650094,inf,29.454811043451514,35.80802602382666,1.9499656446125986,nan,nan,0.0,2404,0.0
development,loop_break_01/horizontal,wall_target,snn_phasemap,snn,as_is,0.025,20.657896604599024,21.587219040363937,inf,19.569883234781187,19.291753330003328,1.0025351410268262,nan,nan,0.0,2404,0.0
development,loop_break_01/horizontal,wall_target,snn_phasemap,snn,removed,0.025,17.00881538772543,18.549070944863647,11.785,16.236479832778794,22.68688229631527,1.0025351410268262,nan,nan,0.0,2404,0.0
development,loop_break_01/horizontal,wall_target,snn_phasemap,snn,as_is,0.05,20.451335796435,20.151052065588672,inf,19.569883234781187,19.291753330003328,1.0025351410268262,nan,nan,0.0,2404,0.0
development,loop_break_01/horizontal,wall_target,snn_phasemap,snn,removed,0.05,17.726227540888356,18.03037897963266,11.92,16.236479832778794,22.68688229631527,1.0025351410268262,nan,nan,0.0,2404,0.0
development,loop_break_01/horizontal,wall_target,snn_phasemap,snn,as_is,0.1,22.576719539634855,16.5965120274644,inf,19.569883234781187,19.291753330003328,1.0025351410268262,nan,nan,0.0,2404,0.0
development,loop_break_01/horizontal,wall_target,snn_phasemap,snn,removed,0.1,18.981891335015817,15.201066197972587,inf,16.236479832778794,22.68688229631527,1.0025351410268262,nan,nan,0.0,2404,0.0
development,loop_break_01/horizontal,wall_target,snn_phasemap,snn,as_is,0.2,25.322790621745618,16.336530562417295,inf,19.569883234781187,19.291753330003328,1.0025351410268262,nan,nan,0.0,2404,0.0
development,loop_break_01/horizontal,wall_target,snn_phasemap,snn,removed,0.2,22.302474487706636,14.865235353604412,inf,16.236479832778794,22.68688229631527,1.0025351410268262,nan,nan,0.0,2404,0.0
development,loop_break_01/horizontal,wall_target,phasemap,snn,as_is,0.025,19.06326252007767,20.490930451472895,inf,18.704758958418722,16.684464572391157,1.0349725685388769,nan,nan,0.0,2404,0.0
development,loop_break_01/horizontal,wall_target,phasemap,snn,removed,0.025,17.02643340122436,16.549973067553694,11.825000000000001,13.082735166841164,13.250144880236824,1.0349725685388769,nan,nan,0.0,2404,0.0
development,loop_break_01/horizontal,wall_target,phasemap,snn,as_is,0.05,20.289395265804878,19.19534357613729,inf,18.704758958418722,16.684464572391157,1.0349725685388769,nan,nan,0.0,2404,0.0
development,loop_break_01/horizontal,wall_target,phasemap,snn,removed,0.05,16.549422281912598,16.060674667261885,11.885,13.082735166841164,13.250144880236824,1.0349725685388769,nan,nan,0.0,2404,0.0
development,loop_break_01/horizontal,wall_target,phasemap,snn,as_is,0.1,22.994923200215478,20.478182224905318,inf,18.704758958418722,16.684464572391157,1.0349725685388769,nan,nan,0.0,2404,0.0
development,loop_break_01/horizontal,wall_target,phasemap,snn,removed,0.1,18.834785862262166,14.951109254614634,11.905,13.082735166841164,13.250144880236824,1.0349725685388769,nan,nan,0.0,2404,0.0
development,loop_break_01/horizontal,wall_target,phasemap,snn,as_is,0.2,29.575926883031222,21.977865601544543,inf,18.704758958418722,16.684464572391157,1.0349725685388769,nan,nan,0.0,2404,0.0
development,loop_break_01/horizontal,wall_target,phasemap,snn,removed,0.2,23.85701143192203,17.41094704862279,inf,13.082735166841164,13.250144880236824,1.0349725685388769,nan,nan,0.0,2404,0.0
development,loop_break_01/horizontal,wall_target,kalman,snn,as_is,0.025,22.298186245898687,23.792890568524815,inf,24.28772194389136,22.58114619933555,0.951065455593986,nan,nan,74.87520798669046,2404,0.0
development,loop_break_01/horizontal,wall_target,kalman,snn,removed,0.025,19.44315296927456,18.573975646145197,11.9,22.930735990396137,24.147574638015236,0.951065455593986,nan,nan,74.87520798669046,2404,0.0
development,loop_break_01/horizontal,wall_target,kalman,snn,as_is,0.05,24.506688667122567,21.951089113541244,inf,24.28772194389136,22.58114619933555,0.951065455593986,nan,nan,74.87520798669046,2404,0.0
development,loop_break_01/horizontal,wall_target,kalman,snn,removed,0.05,21.218133817650003,19.979944833270864,11.905,22.930735990396137,24.147574638015236,0.951065455593986,nan,nan,74.87520798669046,2404,0.0
development,loop_break_01/horizontal,wall_target,kalman,snn,as_is,0.1,28.4379014995532,21.607544326146026,11.905,24.28772194389136,22.58114619933555,0.951065455593986,nan,nan,74.87520798669046,2404,0.0
development,loop_break_01/horizontal,wall_target,kalman,snn,removed,0.1,26.012862047192147,21.042669931817365,11.905,22.930735990396137,24.147574638015236,0.951065455593986,nan,nan,74.87520798669046,2404,0.0
development,loop_break_01/horizontal,wall_target,kalman,snn,as_is,0.2,31.314704862806085,20.261812095993847,inf,24.28772194389136,22.58114619933555,0.951065455593986,nan,nan,74.87520798669046,2404,0.0
development,loop_break_01/horizontal,wall_target,kalman,snn,removed,0.2,26.570146312206315,22.659779886685442,inf,22.930735990396137,24.147574638015236,0.951065455593986,nan,nan,74.87520798669046,2404,0.0
development,loop_break_01/horizontal,wall_target,harmonic,snn,as_is,0.025,30.363207401659437,16.88565100033256,inf,18.873278957062272,15.339253252249682,0.951065455593986,nan,nan,0.0,2404,0.0
development,loop_break_01/horizontal,wall_target,harmonic,snn,removed,0.025,24.429641627014927,21.013143833427158,inf,12.922009250369381,15.229604360596342,0.951065455593986,nan,nan,0.0,2404,0.0
development,loop_break_01/horizontal,wall_target,harmonic,snn,as_is,0.05,33.3240274089505,19.973240643297565,inf,18.873278957062272,15.339253252249682,0.951065455593986,nan,nan,0.0,2404,0.0
development,loop_break_01/horizontal,wall_target,harmonic,snn,removed,0.05,26.789271677291545,23.93883919977971,inf,12.922009250369381,15.229604360596342,0.951065455593986,nan,nan,0.0,2404,0.0
development,loop_break_01/horizontal,wall_target,harmonic,snn,as_is,0.1,36.68520411738393,24.399157009065753,inf,18.873278957062272,15.339253252249682,0.951065455593986,nan,nan,0.0,2404,0.0
development,loop_break_01/horizontal,wall_target,harmonic,snn,removed,0.1,29.94227210357746,25.998308931584898,inf,12.922009250369381,15.229604360596342,0.951065455593986,nan,nan,0.0,2404,0.0
development,loop_break_01/horizontal,wall_target,harmonic,snn,as_is,0.2,37.30878983990071,25.1522632883118,inf,18.873278957062272,15.339253252249682,0.951065455593986,nan,nan,0.0,2404,0.0
development,loop_break_01/horizontal,wall_target,harmonic,snn,removed,0.2,30.507194221858782,26.45757279880845,inf,12.922009250369381,15.229604360596342,0.951065455593986,nan,nan,0.0,2404,0.0
development,loop_break_01/horizontal,wall_target,constant_velocity,snn,as_is,0.025,28.44402825971445,28.32320018225389,11.97,nan,nan,nan,nan,nan,0.0,2404,0.0
development,loop_break_01/horizontal,wall_target,constant_velocity,snn,removed,0.025,26.66900798784594,26.676381006110933,11.965,nan,nan,nan,nan,nan,0.0,2404,0.0
development,loop_break_01/horizontal,wall_target,constant_velocity,snn,as_is,0.05,34.40569138377352,34.540589761360195,inf,nan,nan,nan,nan,nan,0.0,2404,0.0
development,loop_break_01/horizontal,wall_target,constant_velocity,snn,removed,0.05,32.57933134907427,33.25982456731995,inf,nan,nan,nan,nan,nan,0.0,2404,0.0
development,loop_break_01/horizontal,wall_target,constant_velocity,snn,as_is,0.1,50.29960566233606,49.82412332728765,11.91,nan,nan,nan,nan,nan,0.0,2404,0.0
development,loop_break_01/horizontal,wall_target,constant_velocity,snn,removed,0.1,48.92502024891125,46.661985592280246,inf,nan,nan,nan,nan,nan,0.0,2404,0.0
development,loop_break_01/horizontal,wall_target,constant_velocity,snn,as_is,0.2,88.48155272636735,80.33578797294142,inf,nan,nan,nan,nan,nan,0.0,2404,0.0
development,loop_break_01/horizontal,wall_target,constant_velocity,snn,removed,0.2,88.91113731968804,76.74848896166492,inf,nan,nan,nan,nan,nan,0.0,2404,0.0
development,loop_break_01/horizontal,wall_target,snn_two_layer,snn,as_is,0.025,29.980198292572656,24.034432684487925,inf,47.53018001079009,42.79853562202675,2.920445570095282,nan,nan,0.0,2404,0.0
development,loop_break_01/horizontal,wall_target,snn_two_layer,snn,removed,0.025,32.784913189640946,22.182925368557303,inf,54.642702040168345,43.03878735581492,2.920445570095282,nan,nan,0.0,2404,0.0
development,loop_break_01/horizontal,wall_target,snn_two_layer,snn,as_is,0.05,32.90482260380719,24.55047033884638,11.965,47.53018001079009,42.79853562202675,2.920445570095282,nan,nan,0.0,2404,0.0
development,loop_break_01/horizontal,wall_target,snn_two_layer,snn,removed,0.05,36.2171484873896,23.167639733742725,inf,54.642702040168345,43.03878735581492,2.920445570095282,nan,nan,0.0,2404,0.0
development,loop_break_01/horizontal,wall_target,snn_two_layer,snn,as_is,0.1,42.18547837539664,25.471436245604416,inf,47.53018001079009,42.79853562202675,2.920445570095282,nan,nan,0.0,2404,0.0
development,loop_break_01/horizontal,wall_target,snn_two_layer,snn,removed,0.1,43.790339548649385,30.981349312125243,inf,54.642702040168345,43.03878735581492,2.920445570095282,nan,nan,0.0,2404,0.0
development,loop_break_01/horizontal,wall_target,snn_two_layer,snn,as_is,0.2,58.84339109407708,41.61749618426606,inf,47.53018001079009,42.79853562202675,2.920445570095282,nan,nan,0.0,2404,0.0
development,loop_break_01/horizontal,wall_target,snn_two_layer,snn,removed,0.2,59.19992458616597,48.82068873345911,inf,54.642702040168345,43.03878735581492,2.920445570095282,nan,nan,0.0,2404,0.0
development,loop_break_01/horizontal,wall_target,snn_lmu,snn,as_is,0.025,25.730059944934318,17.83801646557047,11.97,37.16809687870091,35.96139441486008,1.833886655623706,nan,nan,0.0,2404,0.0
development,loop_break_01/horizontal,wall_target,snn_lmu,snn,removed,0.025,25.305373703947634,16.440835485566083,inf,31.789613579105385,30.94327789218424,1.833886655623706,nan,nan,0.0,2404,0.0
development,loop_break_01/horizontal,wall_target,snn_lmu,snn,as_is,0.05,31.192825838321177,16.256305435248162,inf,37.16809687870091,35.96139441486008,1.833886655623706,nan,nan,0.0,2404,0.0
development,loop_break_01/horizontal,wall_target,snn_lmu,snn,removed,0.05,30.56261500841047,16.30684289691829,inf,31.789613579105385,30.94327789218424,1.833886655623706,nan,nan,0.0,2404,0.0
development,loop_break_01/horizontal,wall_target,snn_lmu,snn,as_is,0.1,38.01568806424269,25.21114373658551,inf,37.16809687870091,35.96139441486008,1.833886655623706,nan,nan,0.0,2404,0.0
development,loop_break_01/horizontal,wall_target,snn_lmu,snn,removed,0.1,36.058692066646415,17.236889970648463,inf,31.789613579105385,30.94327789218424,1.833886655623706,nan,nan,0.0,2404,0.0
development,loop_break_01/horizontal,wall_target,snn_lmu,snn,as_is,0.2,54.215004966850096,37.75193181256305,inf,37.16809687870091,35.96139441486008,1.833886655623706,nan,nan,0.0,2404,0.0
development,loop_break_01/horizontal,wall_target,snn_lmu,snn,removed,0.2,53.718906451966234,29.487363257308417,inf,31.789613579105385,30.94327789218424,1.833886655623706,nan,nan,0.0,2404,0.0
